School	City	Zip	Latitude	Longitude	Vintages
10X Academy	Escondido	92025	33.127434	-117.089933	2023-24
Academy Of Our Lady Of Peace	San Diego	92116	32.765300	-117.135661	2021-22,2023-24
Aces 2020 Llc Dba: Aces Academy	San Diego	92103	32.745780	-117.159191	2021-22
All Hallows Academy	La Jolla	92037	32.834329	-117.249783	2021-22,2023-24
Alpha And Omega Academy	Fallbrook	92028	33.383310	-117.250551	2021-22,2023-24
Army & Navy Academy	Carlsbad	92008	33.162935	-117.354675	2021-22,2023-24
Arrow Academy	Escondido	92025	33.069321	-117.010796	2023-24
Aseltine School	San Diego	92103	32.751380	-117.147750	2021-22,2023-24
Aspirations School Of Learning	Carlsbad	92009	33.121560	-117.266071	2021-22,2023-24
Balboa School	Escondido	92025	33.122187	-117.079677	2021-22,2023-24
Banya Tree Compass Academy	San Diego	92106	32.740426	-117.215357	2021-22
Banyan Tree Foundations Academy	San Diego	92106	32.737520	-117.214161	2021-22
Berean Bible Baptist Academy	Chula Vista	91910	32.637730	-117.086801	2021-22,2023-24
Beth Montessori	La Jolla	92037	32.865430	-117.238601	2021-22,2023-24
Big Tree Little Preschool Kindergarten	Vista	92081	33.167993	-117.245972	2021-22,2023-24
Bonita Learning Academy	Chula Vista	91910	32.650180	-117.051731	2021-22,2023-24
Bright Horizon Academy	San Diego	92111	32.820490	-117.165901	2021-22,2023-24
Bright Horizon Academy	San Diego	92120	32.802174	-117.079160	2023-24
Brookshire International Academy	La Mesa	91942	32.763807	-117.022910	2021-22,2023-24
Building Kidz Of Vista	Vista	92084	33.228120	-117.232171	2023-24
Cal Coast Academy	San Diego	92130	32.940286	-117.218862	2021-22,2023-24
California Accelerated Learning Institute	Oceanside	92056	33.181308	-117.313074	2021-22
Calvary Christian Academy	Chula Vista	91913	32.632390	-116.983901	2021-22,2023-24
Carlsbad Christian Academy	Carlsbad	92008	33.167450	-117.334651	2021-22,2023-24
Carlsbad Country Day School	Carlsbad	92008	33.142850	-117.304731	2021-22,2023-24
Carmel Valley Montessori School	San Diego	92130	32.947956	-117.231314	2023-24
Casa Montessori De Carlsbad	Carlsbad	92008	33.155670	-117.342041	2021-22,2023-24
Cathedral Catholic High School	San Diego	92130	32.959650	-117.201461	2021-22,2023-24
Central Montessori Schools	Encinitas	92024	33.053772	-117.263052	2023-24
Chase Ranch Montessori School	El Cajon	92020	32.780830	-116.948441	2021-22
Children'S Growing Center-First United Methodist	San Diego	92108	32.767420	-117.142511	2021-22
Childrens Creative/Performing Arts Acad San Diego	San Diego	92104	32.754920	-117.128621	2023-24
Childrens Preschool Learning Center	Poway	92064	32.957160	-117.045311	2021-22
Childrens Workshop	San Diego	92126	32.896143	-117.120969	2021-22,2023-24
Christ Church Day School	Coronado	92118	32.686387	-117.178517	2021-22,2023-24
Christ Lutheran Elementary	La Mesa	91942	32.765979	-117.027730	2021-22,2023-24
Christ The Cornerstone Lutheran Academy	San Diego	92126	32.917050	-117.130431	2023-24
Christian Elementary School - West Campus	El Cajon	92019	32.793730	-116.926291	2021-22,2023-24
Christian Elementary School-East Campus	El Cajon	92019	32.800550	-116.902831	2021-22,2023-24
City Tree Christian School	San Diego	92101	32.723210	-117.161731	2021-22
Coastal Christian Academy	San Diego	92117	32.827990	-117.175201	2021-22,2023-24
Colema Academy	San Diego	92108	32.773941	-117.155030	2023-24
Community School Of San Diego	San Diego	92107	32.745460	-117.246061	2021-22,2023-24
Community Transition Academy	San Diego	92103	32.744820	-117.159221	2021-22
Cook Education Center	San Diego	92108	32.768081	-117.141079	2021-22,2023-24
Country Montessori School Of Poway	Poway	92064	32.994783	-117.055967	2023-24
Cristo Rey San Diego High School	San Diego	92113	32.693328	-117.112905	2021-22,2023-24
Day Prep	La Jolla	92037	32.845912	-117.272668	2021-22,2023-24
Dayspring Christian Learning Center	El Cajon	92021	32.813680	-116.942201	2023-24
Del Mar Pines School	San Diego	92130	32.957550	-117.228501	2021-22,2023-24
Diegueno Country School	Rancho Santa Fe	92067	32.988515	-117.189137	2021-22,2023-24
Discovery Isle	Oceanside	92056	33.205800	-117.305961	2021-22
Discovery Isle Child Development Center	Poway	92064	32.932490	-117.058831	2021-22
Dot To Dot	San Diego	92128	32.993100	-117.071131	2021-22
Eastlake Community Church Preschool	Chula Vista	91915	32.649790	-116.963751	2021-22,2023-24
El Cajon Seventh-Day Adventist Christian School	El Cajon	92019	32.803010	-116.920911	2021-22,2023-24
Encinitas Country Day School	Encinitas	92024	33.020830	-117.253371	2021-22,2023-24
Escondido Adventist Academy	Escondido	92026	33.140240	-117.105811	2021-22,2023-24
Excelsior Academy	La Mesa	91942	32.773320	-117.042411	2021-22
First Presbyterian Church Preschool	Oceanside	92054	33.192140	-117.329121	2021-22,2023-24
Foothills Christian High School	El Cajon	92020	32.798330	-116.995751	2021-22
Foothills Christian High School	El Cajon	92020	32.798385	-116.995752	2023-24
Francis Parker School	San Diego	92111	32.771322	-117.177273	2023-24
Francis W Parker School	San Diego	92103	32.754582	-117.176346	2023-24
Fred Finch Youth Center Nonpublic School	Spring Valley	91977	32.749099	-117.002810	2021-22,2023-24
Fusion Academy - San Diego	San Diego	92122	32.851845	-117.185697	2021-22,2023-24
Fusion Academy Slb: Solana Beach	Solana Beach	92075	32.980770	-117.260541	2021-22,2023-24
Fusion San Diego Scripps Ranch	San Diego	92131	32.915060	-117.113281	2021-22,2023-24
Futures Academy Carlsbad	Carlsbad	92011	33.121025	-117.323268	2021-22
Good Shepherd Catholic School	San Diego	92126	32.906170	-117.147811	2021-22,2023-24
Grace Christian School	San Diego	92127	33.018147	-117.103365	2023-24
Grace Christian School (Changed The Name 6/15)	Escondido	92025	33.106933	-117.081182	2021-22,2023-24
Grauer School The	Encinitas	92024	33.028537	-117.256225	2021-22,2023-24
Green Hill Bilingual Learnind Academy	Chula Vista	91914	32.652090	-116.960751	2023-24
Heartland Christian	Spring Valley	91977	32.740980	-116.987761	2023-24
High Bluff Academy	Rancho Santa Fe	92091	32.992440	-117.213330	2021-22,2023-24
Holy Trinity Elementary School	El Cajon	92019	32.790269	-116.940770	2021-22,2023-24
Horizon Prep	Rancho Santa Fe	92067	32.996210	-117.198841	2021-22,2023-24
Human Factor Leadership Academy	San Diego	92106	32.717502	-117.250281	2023-24
Japanese Academy Of San Diego	San Diego	92117	32.822270	-117.191021	2021-22,2023-24
Kids Town Montessori School	Vista	92081	33.161890	-117.220141	2021-22,2023-24
Kindercare Learning Center-Paseo Ladera Sap	Chula Vista	91910	32.627440	-117.018491	2021-22
Kinderhouse Montessori School	San Diego	92121	32.907820	-117.176681	2021-22,2023-24
Kinderland Montessori	Chula Vista	91913	32.650248	-117.005227	2021-22,2023-24
Kings Academy	Escondido	92027	33.144000	-117.063401	2021-22,2023-24
La Costa Valley Preschool & Kindergarten	Carlsbad	92009	33.076480	-117.254081	2021-22,2023-24
La Jolla Country Day School	La Jolla	92037	32.878860	-117.216581	2021-22,2023-24
La Jolla Learning Works	La Jolla	92037	32.844348	-117.272799	2023-24
La Jolla Village Montessori School	La Jolla	92037	32.839340	-117.273061	2021-22,2023-24
Lat Online School	San Diego	92101	32.711256	-117.155120	2021-22,2023-24
Le Lycee Francais De San Diego	San Diego	92123	32.808825	-117.145940	2021-22
Le Lycee Francais De San Diego	San Diego	92123	32.808640	-117.145871	2023-24
Learning Academy	Lakeside	92040	32.863120	-116.941731	2021-22,2023-24
Legacy Montessori School	Poway	92064	32.959550	-117.064521	2023-24
Leport Montessori	Del Mar	92014	32.991057	-117.254436	2021-22,2023-24
Maranatha Christian Schools	San Diego	92127	33.023876	-117.136960	2021-22,2023-24
Maria Montessori School	San Diego	92117	32.825220	-117.209331	2021-22,2023-24
Mater Dei Catholic H.S.	Chula Vista	91913	32.621170	-116.975481	2021-22,2023-24
Mater Dei Catholic High School	Chula Vista	91913	32.621445	-116.975624	2023-24
Mission Bay Montessori Academy	San Diego	92122	32.844300	-117.228251	2021-22,2023-24
Montessori Achievement Centre	Spring Valley	91978	32.743740	-116.968111	2021-22
Montessori American School	Chula Vista	91910	32.651740	-117.047991	2021-22,2023-24
Montessori Child Development Center	Poway	92064	32.983900	-117.022711	2021-22,2023-24
Montessori Children'S Elementary	Ramona	92065	33.039120	-116.864481	2021-22,2023-24
Montessori Explorer Elementary	Chula Vista	91910	32.634141	-117.052038	2021-22,2023-24
Montessori Hills Academy	Chula Vista	91910	32.626883	-117.031713	2021-22,2023-24
Montessori School Of Encinitas	Encinitas	92024	33.043810	-117.258141	2021-22
Montessori School Of San Diego	San Diego	92103	32.736660	-117.174531	2021-22,2023-24
Mt Erie Christian Academy	San Diego	92113	32.700250	-117.094031	2021-22
Mt Helix Academy - Tiee	La Mesa	91942	32.786895	-116.998151	2021-22,2023-24
Mt. Helix Academy	La Mesa	91942	32.786895	-116.998151	2021-22
National University Virtual High School	La Jolla	92037	32.910920	-117.243861	2021-22
Nativity Prep Academy	San Diego	92115	32.758083	-117.065957	2021-22,2023-24
Nazareth School San Diego, Inc.	San Diego	92108	32.785258	-117.107085	2021-22,2023-24
New Haven Yfs	Vista	92085	33.212280	-117.247301	2021-22,2023-24
Newbridge School	Poway	92064	32.949460	-117.065181	2021-22
North County Christian School	Bonsall	92003	33.296175	-117.222435	2023-24
Notre Dame Academy	San Diego	92130	32.941981	-117.220761	2021-22,2023-24
Ocean View Christian Academy	San Diego	92154	32.585370	-117.080311	2021-22,2023-24
Oceanside Adventist Elementary	Oceanside	92054	33.189610	-117.348591	2021-22,2023-24
Our Lady Of Grace Elementary School	El Cajon	92020	32.803910	-117.004111	2021-22,2023-24
Our Lady Of Mt. Carmel	San Ysidro	92173	32.558010	-117.045191	2021-22,2023-24
Our Ladys School	San Diego	92102	32.711846	-117.142695	2021-22,2023-24
Pacific Academy	Encinitas	92024	33.048050	-117.277551	2021-22,2023-24
Pacific Ridge School	Carlsbad	92009	33.122870	-117.249791	2021-22
Pamoosa Creek Academy	Valley Center	92082	33.229935	-117.086751	2023-24
Pepper Valley Learning Center	El Cajon	92021	32.821260	-116.931551	2021-22,2023-24
Peppertree Montessori	Oceanside	92057	33.245594	-117.293873	2021-22
Pioneer Programs-Community School Of San Diego Hig	San Diego	92107	32.746338	-117.246744	2023-24
Ramona Faith Academy	Ramona	92065	33.050610	-116.786678	2023-24
Ramona Lutheran Church And School	Ramona	92065	33.034680	-116.875741	2021-22,2023-24
Redeemer By The Sea Lutheran Kindergarten&Preschl	Carlsbad	92011	33.113203	-117.286312	2021-22,2023-24
Reformation Lutheran School	San Diego	92117	32.828140	-117.172471	2021-22,2023-24
Renaissance Village Academy	San Diego	92129	32.968647	-117.131994	2021-22
Sacred Heart Parish School	Coronado	92118	32.689540	-117.176841	2021-22
Sam & Rose Stein Education Center	San Diego	92120	32.786360	-117.095781	2021-22,2023-24
San Diego Center For Children Academy	San Diego	92111	32.799610	-117.166681	2021-22,2023-24
San Diego French American School	La Jolla	92037	32.834380	-117.247591	2021-22,2023-24
San Diego Jewish Academy	San Diego	92130	32.934438	-117.229558	2023-24
Sanderling Waldorf School	Vista	92081	33.148449	-117.234063	2021-22,2023-24
Santa Fe Christian Schools	Solana Beach	92075	32.992120	-117.258231	2021-22,2023-24
Santa Sophia Academy	Spring Valley	91977	32.749572	-116.985225	2021-22,2023-24
Scripps Montessori School	San Diego	92131	32.898440	-117.113701	2021-22,2023-24
Scy High (Southern California Yeshiva High School)	San Diego	92111	32.804070	-117.184701	2021-22,2023-24
Seeds Of Hope Academy	Encinitas	92024	33.035904	-117.275346	2023-24
Shepherd Of The Hills Lutheran School	La Mesa	91942	32.794200	-117.001531	2021-22,2023-24
Sierra School Of San Diego	San Diego	92119	32.798704	-117.018517	2021-22
Skills Learning Center	Poway	92064	32.954790	-117.028711	2021-22,2023-24
Soille San Diego Hebrew Bay School	San Diego	92123	32.808650	-117.145011	2021-22,2023-24
South Bay Christian Academy	Chula Vista	91910	32.647410	-117.086361	2021-22,2023-24
St Augustine High School	San Diego	92104	32.734720	-117.124071	2021-22,2023-24
St Charles Borromeo Academy	San Diego	92110	32.743720	-117.208628	2021-22,2023-24
St Charles Catholic School	San Diego	92154	32.580428	-117.094602	2021-22,2023-24
St Columba School	San Diego	92123	32.803930	-117.133361	2021-22,2023-24
St Didacus School	San Diego	92116	32.761590	-117.120971	2021-22,2023-24
St Francis Of Assisi Catholic School	Vista	92083	33.197010	-117.252331	2021-22,2023-24
St Gregory The Great Catholic School	San Diego	92131	32.925790	-117.018821	2021-22,2023-24
St James Lutheran Preschool & Kindergarten	Imperial Beach	91932	32.577120	-117.114961	2021-22
St Joseph Academy	San Marcos	92078	33.147109	-117.205691	2021-22,2023-24
St Katharine Drexel Academy	San Diego	92115	32.759820	-117.074581	2021-22
St Kieran Catholic School	El Cajon	92021	32.813787	-116.928113	2021-22,2023-24
St Martin Of Tours Academy	La Mesa	91942	32.769488	-117.031519	2021-22,2023-24
St Mary School	Escondido	92025	33.111678	-117.072992	2021-22,2023-24
St Mary Star Of The Sea School	Oceanside	92054	33.188740	-117.371621	2021-22
St Michael'S School	Poway	92064	32.994369	-117.058499	2021-22,2023-24
St Patrick Catholic School	Carlsbad	92008	33.153496	-117.336192	2023-24
St Patrick School	San Diego	92104	32.743714	-117.129443	2021-22,2023-24
St Paul'S Lutheran School	San Diego	92109	32.800060	-117.245581	2021-22,2023-24
St Peter The Apostle Catholic School	Fallbrook	92028	33.375240	-117.225471	2021-22,2023-24
St Pius X School	Chula Vista	91911	32.615960	-117.055191	2021-22,2023-24
St Rita'S School	San Diego	92114	32.704720	-117.083461	2021-22,2023-24
St Rose Of Lima School	Chula Vista	91910	32.635660	-117.077191	2021-22,2023-24
St Therese Academy	San Diego	92120	32.794627	-117.065322	2021-22,2023-24
St Vincent De Paul Elementary School	San Diego	92103	32.751160	-117.172971	2021-22,2023-24
Stars Montessori Academy	Vista	92081	33.166179	-117.245198	2021-22,2023-24
Stella Maris Academy	La Jolla	92037	32.843610	-117.272391	2021-22,2023-24
Tabernacle Christian Academy	San Diego	92105	32.724230	-117.081831	2021-22,2023-24
Tack International Academy	San Diego	92173	32.554899	-117.052367	2021-22
Tack International Academy	San Diego	92173	32.554899	-117.052367	2021-22
Taproot Montessori Preschool & Kindergarten	El Cajon	92021	32.807280	-116.929961	2021-22,2023-24
Taproot Montessori Preschool & Kindergarten	La Mesa	91942	32.772430	-117.030611	2021-22,2023-24
Taproot Montessori Preschool & Kindergarten	Jamul	91935	32.719456	-116.880263	2023-24
Teri Learning Academy	Oceanside	92058	33.216340	-117.349321	2021-22,2023-24
Teri, Inc. The Country School	Oceanside	92058	33.213893	-117.349329	2021-22,2023-24
The Bishop'S School	La Jolla	92037	32.841228	-117.278766	2021-22,2023-24
The Cambridge School	San Diego	92129	32.952200	-117.128641	2021-22
The Child'S Primary School	San Diego	92111	32.811100	-117.180731	2021-22
The Childrens School	La Jolla	92037	32.849740	-117.253471	2021-22,2023-24
The Gillispie School	La Jolla	92037	32.838748	-117.272302	2021-22,2023-24
The Growing Place Montessori	Poway	92064	32.956290	-117.063091	2021-22
The Koonings Center	Poway	92064	32.949480	-117.065511	2021-22
The Nativity School	Rancho Santa Fe	92067	32.997160	-117.197611	2021-22,2023-24
The Rhoades School	Encinitas	92024	33.036588	-117.237357	2021-22,2023-24
The Rock Academy	San Diego	92106	32.736170	-117.218341	2021-22,2023-24
The Waldorf School Of San Diego	San Diego	92105	32.743190	-117.085281	2023-24
Torah High School Of San Diego	San Diego	92122	32.870930	-117.206371	2021-22,2023-24
Tri-City Christian School	Vista	92083	33.192160	-117.280991	2021-22,2023-24
Trinity Christian School	Spring Valley	91977	32.749960	-117.007061	2021-22,2023-24
True Faith Academy	San Diego	92114	32.703048	-117.024332	2023-24
Urban Skills Center	San Diego	92108	32.768081	-117.141079	2021-22,2023-24
Valley Christian School	San Marcos	92078	33.130200	-117.199071	2021-22
Victory Christian Academy	Chula Vista	91910	32.641632	-117.006857	2021-22,2023-24
Village Gate Children'S Academy	Cardiff By The Sea	92007	33.028198	-117.264424	2021-22,2023-24
Village Montessori School	Carlsbad	92008	33.158980	-117.344731	2021-22,2023-24
Vista Christian School	Vista	92083	33.199710	-117.256541	2021-22,2023-24
Warren-Walker Middle School	San Diego	92108	32.767357	-117.141701	2021-22,2023-24
Warren-Walker School	San Diego	92107	32.734150	-117.251831	2021-22,2023-24
Warren-Walker School-La Mesa	La Mesa	91942	32.772937	-117.006634	2021-22
West Coast Baptist School	Oceanside	92056	33.214650	-117.269381	2021-22,2023-24
West Coast Baptist School	Oceanside	92056	33.214662	-117.269442	2023-24
Winston School	Del Mar	92014	32.952240	-117.263461	2021-22,2023-24
Zion Christian Preschool Kindergarten	Fallbrook	92028	33.375600	-117.229230	2023-24
Zion Lutheran School	Fallbrook	92028	33.375140	-117.229030	2021-22
