School	District	City	Zip	WebSite	Latitude	Longitude	StatusType	Virtual
ALBA	San Diego Unified	San Diego	92104	www.alba.sandiegounified.org/	32.751186	-117.135090	Active	C
Abraxas Continuation High	Poway Unified	Poway	92064	www.powayusd.com/pusdahs	32.973675	-117.060880	Active	C
Ada W. Harris Elementary	Cardiff Elementary	Cardiff-by-the-Sea	92007	No Data	33.031280	-117.273490	Active	N
Adams Elementary	San Diego Unified	San Diego	92116	www.adams.sandiegounified.org/	32.761560	-117.117860	Active	N
Adobe Bluffs Elementary	Poway Unified	San Diego	92129	www.powayusd.com/pusdabes	32.974268	-117.140390	Active	N
Alamosa Park Elementary	Vista Unified	Oceanside	92057	http://ape.vistausd.org	33.239596	-117.281120	Active	N
Albert Einstein Academies	San Diego Unified	San Diego	92102	www.aeacs.org/	32.720125	-117.130320	Active	N
Alcott Elementary	San Diego Unified	San Diego	92117	www.alcott.sandiegounified.org/	32.832566	-117.221730	Active	N
All Tribes Charter	Warner Unified	Valley Center	92082	www.alltribescharter.net	33.277583	-116.953710	Active	N
All Tribes Elementary Charter	Warner Unified	Valley Center	92082	No Data	33.277583	-116.953710	Active	N
Allen (Ella B.) Elementary	Chula Vista Elementary	Bonita	91902	https://allen.cvesd.org/	32.656765	-117.033580	Active	N
Alta Vista Academy	Sweetwater Union High	Chula Vista	91911	www.sweetwaterschools.org	32.618720	-117.024450	Active	N
Alta Vista High (Continuation)	Vista Unified	Vista	92084	http://avhs.vistausd.org	33.222471	-117.219600	Active	N
Altus Schools Charter School of San Diego	San Diego Unified	San Diego	92121	https://charterschool-sandiego.net/	32.902951	-117.183790	Active	N
Altus Schools Coastal	San Diego County Office of Education	Oceanside	92056	www.audeo2.com	33.180779	-117.291370	Active	N
Altus Schools East County	Grossmont Union High	El Cajon	92020	www.grossmontsecondarycharter.com	32.806734	-116.963050	Active	N
Altus Schools North County	Escondido Union High	Escondido	92025	www.audeo3.com	33.070485	-117.064920	Active	N
Altus Schools South Bay	San Diego County Office of Education	Chula Vista	91910	www.altussouthbay.com	32.648779	-117.053380	Active	N
America's Finest Charter	San Diego Unified	San Diego	92102	www.americasfinestcharterschool.org/	32.712836	-117.098080	Active	N
Angier Elementary	San Diego Unified	San Diego	92123	https://angier.sandiegounified.org/	32.804911	-117.145340	Active	N
Anza Elementary	Cajon Valley Union	El Cajon	92020	No Data	32.786000	-116.947800	Active	N
Arroyo Vista Charter	Chula Vista Elementary	Chula Vista	91915	https://arroyovista.cvesd.org/	32.638128	-116.952520	Active	N
Ashley Falls Elementary	Del Mar Union Elementary	San Diego	92130	www.dmusd.org/af	32.957549	-117.207810	Active	N
Audubon K-8	San Diego Unified	San Diego	92114	www.audubon.sandiegounified.org/	32.711210	-117.030080	Active	N
Aviara Oaks Elementary	Carlsbad Unified	Carlsbad	92009	https://aoes.carlsbadusd.net/	33.101346	-117.276670	Active	N
Aviara Oaks Middle	Carlsbad Unified	Carlsbad	92011	https://aoms.carlsbadusd.net	33.103077	-117.278940	Active	N
Avocado Elementary	Cajon Valley Union	La Mesa	91941	No Data	32.750432	-116.960750	Active	N
Avondale Elementary	La Mesa-Spring Valley	Spring Valley	91977	www.lmsvschools.org	32.719139	-117.017270	Active	N
Baker Elementary	San Diego Unified	San Diego	92113	www.baker.sandiegounified.org/	32.698826	-117.107110	Active	N
Balboa Elementary	San Diego Unified	San Diego	92113	www.balboa.sandiegounified.org/	32.687014	-117.108000	Active	N
Bancroft Elementary	La Mesa-Spring Valley	Spring Valley	91977	www.lmsvschools.org	32.730135	-117.008170	Active	N
Barnard Elementary	San Diego Unified	San Diego	92109	www.barnard.sandiegounified.org/	32.802554	-117.225100	Active	N
Barnett Elementary	Ramona City Unified	Ramona	92065	https://bes.ramonausd.net/en-us	33.018080	-116.812100	Active	N
Barona Charter	Lakeside Union	Lakeside	92040	www.baronacharterschool.org	32.933084	-116.877200	Active	N
Bay Park Elementary	San Diego Unified	San Diego	92110	www.baypark.sandiegounified.org/	32.786443	-117.203990	Active	N
Baypoint Preparatory Academy - San Diego	San Diego County Office of Education	San Marcos	92078	www.baypointprep.org	33.138648	-117.150280	Active	N
Bayside STEAM Academy	South Bay Union	Imperial Beach	91932	No Data	32.587565	-117.113110	Active	N
Bear Valley Middle	Escondido Union	Escondido	92025	www.eusd.org	33.083711	-117.056340	Active	N
Bell Middle	San Diego Unified	San Diego	92139	www.bell.sandiegounified.org/	32.688916	-117.037360	Active	N
Bella Mente Montessori Academy	Vista Unified	Vista	92083	www.bellamentecharter.org	33.189574	-117.278720	Active	N
Benchley/Weinberger Elementary	San Diego Unified	San Diego	92119	www.benchleyweinberger.sandiegounified.org/	32.794462	-117.032540	Active	N
Bernardo Elementary	Escondido Union	Escondido	92029	www.eusd.org	33.084707	-117.091370	Active	N
Bernardo Heights Middle	Poway Unified	San Diego	92128	www.powayusd.com/pusdbhms	32.995489	-117.067880	Active	N
Bethune K-8	San Diego Unified	San Diego	92114	www.bethune.sandiegounified.org/	32.689764	-117.050130	Active	N
Bird Rock Elementary	San Diego Unified	La Jolla	92037	www.birdrock.sandiegounified.org/	32.811037	-117.265010	Active	N
Birney Elementary	San Diego Unified	San Diego	92103	www.birney.sandiegounified.org/	32.755275	-117.148750	Active	N
Black Mountain Middle	Poway Unified	San Diego	92129	www.powayusd.com/pusdbmms	32.969140	-117.127090	Active	N
Blossom Valley Elementary	Cajon Valley Union	El Cajon	92021	No Data	32.861732	-116.846650	Active	N
Bobier Elementary	Vista Unified	Vista	92083	https://bo.vistausd.org/	33.220543	-117.247400	Active	N
Bonita Vista Middle	Sweetwater Union High	Chula Vista	91910	https://bvm.sweetwaterschools.org/	32.648596	-117.005270	Active	N
Bonita Vista Senior High	Sweetwater Union High	Chula Vista	91913	www.sweetwaterschools.org/	32.646030	-117.001140	Active	N
Bonsall Elementary	Bonsall Unified	Bonsall	92003	www.bonsallusd.com	33.287143	-117.220780	Active	N
Bonsall High	Bonsall Unified	Bonsall	92003	www.bonsallhs.com	33.296238	-117.176480	Active	N
Bonsall West Elementary	Bonsall Unified	Oceanside	92057	www.bonsallusd.com	33.263619	-117.293840	Active	N
Boone Elementary	San Diego Unified	San Diego	92114	www.boone.sandiegounified.org/	32.694651	-117.036400	Active	N
Borrego Springs Elementary	Borrego Springs Unified	Borrego Springs	92004	No Data	33.256865	-116.346850	Active	N
Borrego Springs High	Borrego Springs Unified	Borrego Springs	92004	www.bsusd.net	33.265514	-116.383730	Active	N
Borrego Springs Middle	Borrego Springs Unified	Borrego Springs	92004	No Data	33.264682	-116.383670	Active	N
Bostonia Global	Cajon Valley Union	El Cajon	92021	http://cajonvalley.net	32.808029	-116.931650	Active	N
Boulder Oaks Elementary	Alpine Union Elementary	Alpine	91901	www.alpineschools.net/boulderoaks	32.819163	-116.776170	Active	N
Breeze Hill Elementary	Vista Unified	Vista	92083	http://bh.vistausd.org	33.185170	-117.254560	Active	N
Buena Vista Elementary	Carlsbad Unified	Carlsbad	92008	https://bves.carlsbadusd.net	33.168932	-117.342520	Active	N
Burbank Elementary	San Diego Unified	San Diego	92113	www.burbank.sandiegounified.org/	32.700440	-117.138910	Active	N
Cabrillo Elementary	San Diego Unified	San Diego	92106	www.cabrillo.sandiegounified.org/	32.720377	-117.233640	Active	N
Cadman Elementary	San Diego Unified	San Diego	92117	www.cadman.sandiegounified.org/	32.822127	-117.214530	Active	N
Cajon Park Elementary	Santee	Santee	92071	www.santeesd.net	32.865962	-116.971110	Active	N
Cajon Valley Middle	Cajon Valley Union	El Cajon	92020	No Data	32.798383	-116.955550	Active	N
Calavera Hills Elementary	Carlsbad Unified	Carlsbad	92008	https://ches.carlsbadusd.net	33.172385	-117.290830	Active	N
Calavera Hills Middle	Carlsbad Unified	Carlsbad	92008	https://chms.carlsbadusd.net/	33.172385	-117.290830	Active	N
California Avenue Elementary	Vista Unified	Vista	92083	http://ca.vistausd.org	33.207511	-117.246640	Active	N
Camarena (Enrique S.) Elementary	Chula Vista Elementary	Chula Vista	91915	https://camarena.cvesd.org/	32.622811	-116.956510	Active	N
Campo Elementary	Mountain Empire Unified	Campo	91906	www.meusd.k12.ca.us	32.643626	-116.485610	Active	N
Canyon Crest Academy	San Dieguito Union High	San Diego	92130	www.sduhsd.net	32.960240	-117.188350	Active	N
Canyon Hills High	San Diego Unified	San Diego	92124	https://canyonhills.sandiegounified.org/	32.825282	-117.104070	Active	C
Canyon View Elementary	Poway Unified	San Diego	92129	www.powayusd.com/pusdcves	32.947126	-117.128070	Active	N
Capri Elementary	Encinitas Union Elementary	Encinitas	92024	www.eusd.k12.ca.us/ca	33.076064	-117.288460	Active	N
Cardiff Elementary	Cardiff Elementary	Cardiff-by-the-Sea	92007	No Data	33.025044	-117.282200	Active	N
Carlsbad Adult Transition	Carlsbad Unified	Carlsbad	92009	No Data	33.122871	-117.267610	Active	N
Carlsbad High	Carlsbad Unified	Carlsbad	92008	https://chs.carlsbadusd.net	33.163433	-117.327800	Active	N
Carlsbad Seaside Academy	Carlsbad Unified	Carlsbad	92008	https://csa.carlsbadusd.net	33.163433	-117.327800	Active	N
Carlsbad Village Academy	Carlsbad Unified	Carlsbad	92008	https://cva.carlsbadusd.net	33.163433	-117.327800	Active	N
Carlton Hills Elementary	Santee	Santee	92071	www.santeesd.net	32.848026	-116.996840	Active	N
Carlton Oaks Elementary	Santee	Santee	92071	www.santeesd.net	32.844606	-117.014890	Active	N
Carmel Creek Elementary	Solana Beach Elementary	San Diego	92130	http://sbsd.k12.ca.us/cc	32.950872	-117.225650	Active	N
Carmel Del Mar Elementary	Del Mar Union Elementary	San Diego	92130	www.dmusd.org/cdm	32.940870	-117.229550	Active	N
Carmel Valley Middle	San Dieguito Union High	San Diego	92130	http://sduhsd.net/cv	32.946669	-117.228950	Active	N
Carrillo Elementary	San Marcos Unified	Carlsbad	92009	www.smusd.org	33.119466	-117.241900	Active	N
Carson Elementary	San Diego Unified	San Diego	92111	www.carson.sandiegounified.org/	32.776942	-117.171040	Active	N
Carver Elementary	San Diego Unified	San Diego	92105	www.carver.sandiegounified.org/	32.739196	-117.071050	Active	N
Casa de Oro Elementary	La Mesa-Spring Valley	Spring Valley	91977	www.lmsvschools.org	32.747767	-116.972760	Active	N
Casillas (Joseph) Elementary	Chula Vista Elementary	Chula Vista	91910	https://casillas.cvesd.org/	32.630446	-117.009150	Active	N
Casita Center for Science/Math/Technology	Vista Unified	Vista	92083	http://cas.vistausd.org	33.191355	-117.284650	Active	N
Castle Park Elementary	Chula Vista Elementary	Chula Vista	91910	https://castlepark.cvesd.org/	32.615057	-117.057260	Active	N
Castle Park Middle	Sweetwater Union High	Chula Vista	91911	https://cpm.sweetwaterschools.org/	32.604981	-117.059390	Active	N
Castle Park Senior High	Sweetwater Union High	Chula Vista	91911	https://cph.sweetwaterschools.org/	32.606982	-117.052840	Active	N
Central Elementary	Escondido Union	Escondido	92025	www.eusd.org	33.118835	-117.079910	Active	N
Central Elementary	National Elementary	National City	91950	No Data	32.676133	-117.101300	Active	N
Central Elementary	San Diego Unified	San Diego	92105	www.central.sandiegounified.org/	32.753388	-117.110840	Active	N
Challenger Middle	San Diego Unified	San Diego	92126	www.challenger.sandiegounified.org/	32.913729	-117.156130	Active	N
Chaparral Elementary	Poway Unified	Poway	92064	www.powayusd.com/pusdches	33.023731	-117.049950	Active	N
Chaparral High	Grossmont Union High	El Cajon	92020	http://chaparral.guhsd.net/	32.816896	-116.979700	Active	C
Chase Avenue Elementary	Cajon Valley Union	El Cajon	92020	No Data	32.780336	-116.960030	Active	N
Chavez Elementary	San Diego Unified	San Diego	92113	www.chavez.sandiegounified.org/	32.691605	-117.108070	Active	N
Cherokee Point Elementary	San Diego Unified	San Diego	92105	www.cherokeepoint.sandiegounified.org/	32.747185	-117.111830	Active	N
Chesterton Elementary	San Diego Unified	San Diego	92111	www.chesterton.sandiegounified.org/	32.794045	-117.162090	Active	N
Chet F. Harritt Elementary	Santee	Santee	92071	www.santeesd.net	32.831437	-117.019390	Active	N
Chollas/Mead Elementary	San Diego Unified	San Diego	92102	www.chollasmead.sandiegounified.org/	32.710528	-117.097840	Active	N
Christa McAuliffe Elementary	Oceanside Unified	Oceanside	92056	https://mcauliffe.oside.us	33.200502	-117.306260	Active	N
Chula Vista Adult	Sweetwater Union High	Chula Vista	91911	No Data	32.614769	-117.075000	Active	N
Chula Vista Hills Elementary	Chula Vista Elementary	Chula Vista	91910	https://chulavistahills.cvesd.org/	32.636251	-117.002460	Active	N
Chula Vista Learning Community Charter	Chula Vista Elementary	Chula Vista	91911	https://www.cvlcc.org/	32.620687	-117.084950	Active	N
Chula Vista Middle	Sweetwater Union High	Chula Vista	91910	No Data	32.635067	-117.086450	Active	N
Chula Vista Senior High	Sweetwater Union High	Chula Vista	91911	No Data	32.622027	-117.076970	Active	N
City Heights Preparatory Charter	San Diego Unified	San Diego	92115	www.cityheightsprep.org/	32.753973	-117.079820	Active	N
Clairemont Canyons Academy	San Diego Unified	San Diego	92111	https://clairemontcanyonsacademy.sandiegounified.org/	32.819448	-117.171520	Active	N
Clairemont High	San Diego Unified	San Diego	92117	https://clairemont.sandiegounified.org/	32.807111	-117.203320	Active	C
Clark Middle	San Diego Unified	San Diego	92105	www.clark.sandiegounified.org/	32.740317	-117.100040	Active	N
Classical Academy	Escondido Union	Escondido	92025	www.classicalacademy.com	33.084400	-117.055500	Active	C
Classical Academy High	Escondido Union High	Escondido	92025	www.classicalacademy.com	33.124186	-117.080570	Active	C
Classical Academy Vista	San Diego County Office of Education	Vista	92083	www.classicalacademy.com	33.172498	-117.220660	Active	N
Clear View	Chula Vista Elementary	Chula Vista	91910	https://clearview.cvesd.org/	32.644805	-117.045060	Active	N
Clover Flat Elementary	Mountain Empire Unified	Boulevard	91905	No Data	32.668361	-116.295890	Active	N
Coastal Academy Charter	Oceanside Unified	Oceanside	92056	http://classicalacademy.com/	33.206522	-117.292920	Active	C
College Preparatory Middle	La Mesa-Spring Valley	Spring Valley	91977	www.mycpms.net	32.745829	-116.971300	Active	N
Community Montessori	San Diego County Office of Education	Escondido	92026	www.cmcharter.org	33.129426	-117.112090	Active	N
Conway Elementary	Escondido Union	Escondido	92027	www.eusd.org	33.146289	-117.073980	Active	N
Cook (Hazel Goes) Elementary	Chula Vista Elementary	Chula Vista	91911	https://cook.cvesd.org/	32.625934	-117.056200	Active	N
Coronado High	Coronado Unified	Coronado	92118	https://chs.coronadousd.net/	32.691904	-117.178370	Active	N
Coronado Middle	Coronado Unified	Coronado	92118	https://cms.coronadousd.net/	32.694002	-117.179710	Active	N
Coronado Village Elementary	Coronado Unified	Coronado	92118	https://village.coronadousd.net/	32.693914	-117.182130	Active	N
Correia Middle	San Diego Unified	San Diego	92107	www.correia.sandiegounified.org/	32.748723	-117.231330	Active	N
Cottonwood Community Day	Mountain Empire Unified	Pine Valley	91962	No Data	32.732694	-116.494250	Active	N
Crawford High	San Diego Unified	San Diego	92115	https://crawford.sandiegounified.org/	32.752163	-117.076940	Active	C
Creative Performing and Media Arts	San Diego Unified	San Diego	92117	https://www.cpma.sandiegounified.org/	32.835962	-117.182000	Active	N
Creekside Early Learning Center	Alpine Union Elementary	Alpine	91901	www.alpineschools.net/creekside	32.832208	-116.815070	Active	N
Creekside Elementary	Poway Unified	San Diego	92128	www.powayusd.com/pusdcses	32.943627	-117.075510	Active	N
Crest Elementary	Cajon Valley Union	El Cajon	92021	No Data	32.805538	-116.866470	Active	N
Crown Point Elementary	San Diego Unified	San Diego	92109	https://www.crownpoint.sandiegounified.org/	32.793243	-117.238890	Active	N
Cubberley Elementary	San Diego Unified	San Diego	92123	www.cubberley.sandiegounified.org/	32.801667	-117.127140	Active	N
Curie Elementary	San Diego Unified	San Diego	92122	https://www.curie.sandiegounified.org/	32.854678	-117.203030	Active	N
DREAM Academy	Lakeside Union	Lakeside	92040	https://www.lsusd.net/dream-academy/	32.891662	-116.946630	Active	N
Dailard Elementary	San Diego Unified	San Diego	92120	https://www.dailard.sandiegounified.org/	32.804463	-117.053900	Active	N
Dana	San Diego Unified	San Diego	92106	https://www.dana.sandiegounified.org/	32.733110	-117.233460	Active	N
Darnall Charter	San Diego Unified	San Diego	92115	https://www.darnallcharter.org/	32.746606	-117.066760	Active	N
Davila Day	San Diego County Office of Education	Chula Vista	91910	No Data	32.635041	-117.088320	Active	N
De Portola Middle	San Diego Unified	San Diego	92124	https://www.deportola.sandiegounified.org/	32.828049	-117.092020	Active	N
Deer Canyon Elementary	Poway Unified	San Diego	92129	www.powayusd.com/pusddces	32.964038	-117.143770	Active	N
Dehesa Elementary	Dehesa Elementary	El Cajon	92019	https://dehesasd.net/	32.781239	-116.851200	Active	N
Del Dios Academy of Arts and Sciences	Escondido Union	Escondido	92025	www.eusd.org	33.110370	-117.101170	Active	N
Del Lago Academy - Campus of Applied Science	Escondido Union High	Escondido	92029	www.dellagoacademy.org/	33.096589	-117.103490	Active	C
Del Mar Heights Elementary	Del Mar Union Elementary	Del Mar	92014	www.dmusd.org/heights	32.945637	-117.249730	Active	N
Del Mar Hills Elementary	Del Mar Union Elementary	Del Mar	92014	www.dmusd.org/hills	32.954058	-117.247240	Active	N
Del Norte High	Poway Unified	San Diego	92127	www.powayusd.com/pusddnhs	33.015119	-117.121620	Active	C
Del Rio STEM Academy	Oceanside Unified	Oceanside	92057	https://delrio.oside.us	33.255349	-117.294860	Active	N
Del Sur Elementary	Poway Unified	San Diego	92127	www.powayusd.com/pusddses	33.018500	-117.140560	Active	N
Descanso Elementary	Mountain Empire Unified	Descanso	91916	No Data	32.858654	-116.613410	Active	N
Design 39 Campus	Poway Unified	San Diego	92127	www.powayusd.com/pusddesign39/	33.018484	-117.127150	Active	N
Dewey Elementary	San Diego Unified	San Diego	92110	https://www.dewey.sandiegounified.org/	32.747540	-117.208040	Active	N
Diegueno Middle	San Dieguito Union High	Encinitas	92024	No Data	33.056629	-117.242020	Active	N
Dimensions Collaborative	San Diego County Office of Education	Escondido	92026	www.dimensions.org	33.129426	-117.112090	Active	N
Dingeman Elementary	San Diego Unified	San Diego	92131	https://www.dingeman.sandiegounified.org/	32.933134	-117.090700	Active	N
Discovery Charter	Chula Vista Elementary	Chula Vista	91910	https://discovery.cvesd.org/	32.641918	-117.017590	Active	N
Discovery Elementary	San Marcos Unified	San Marcos	92078	www.smusd.org	33.129296	-117.190500	Active	N
Double Peak	San Marcos Unified	San Marcos	92078	www.smusd.org	33.106382	-117.165820	Active	N
Doyle Elementary	San Diego Unified	San Diego	92122	www.doyle.sandiegounified.org/	32.863694	-117.221840	Active	N
Dual Language Immersion North County	San Diego County Office of Education	Vista	92803	https://www.dlinorthcounty.org/	33.172999	-117.219970	Active	N
EJE Dual Language Academy Charter	Cajon Valley Union	El Cajon	92020	No Data	32.784935	-116.970830	Active	N
Earl Warren Middle	San Dieguito Union High	Solana Beach	92075	No Data	32.995158	-117.262420	Active	N
East Hills Academy	Sweetwater Union High	Chula Vista	91913	www.sweetwaterschools.org/	32.610100	-117.076800	Active	N
East Village Middle College High	San Diego Unified	San Diego	92101	https://eastvillage.sandiegounified.org/	32.718606	-117.152530	Active	C
EastLake Elementary	Chula Vista Elementary	Chula Vista	91913	https://eastlake.cvesd.org/	32.657494	-116.985150	Active	N
Eastlake High	Sweetwater Union High	Chula Vista	91915	www.sweetwaterschools.org	32.646442	-116.965220	Active	N
Eastlake Middle	Sweetwater Union High	Chula Vista	91914	https://elm.sweetwaterschools.org/	32.655591	-116.948180	Active	N
Edison Elementary	San Diego Unified	San Diego	92104	www.edison.sandiegounified.org/	32.751057	-117.118040	Active	N
El Cajon Adult Center	Grossmont Union High	El Cajon	92021	http://adultschool.guhsd.net/	32.800160	-116.945940	Active	C
El Cajon Valley High	Grossmont Union High	El Cajon	92021	http://braves.guhsd.net/	32.800133	-116.947280	Active	C
El Camino Creek Elementary	Encinitas Union Elementary	Carlsbad	92009	www.eusd.k12.ca.us/ec	33.077016	-117.258920	Active	N
El Camino High	Oceanside Unified	Oceanside	92057	https://echs.oside.us	33.219594	-117.319090	Active	C
El Capitan High	Grossmont Union High	Lakeside	92040	http://elcapitan.guhsd.net/	32.868106	-116.914890	Active	C
El Toyon Elementary	National Elementary	National City	91950	No Data	32.688436	-117.088890	Active	N
Elevate	San Diego Unified	San Diego	92123	https://www.elevateschool.com/	32.786288	-117.144340	Active	N
Elite Academy	Grossmont Union High	El Cajon	92019	https://elite.guhsd.net	32.793615	-116.934950	Active	C
Emory Elementary	South Bay Union	San Diego	92154	No Data	32.576466	-117.091590	Active	N
Empower	Cajon Valley Union	El Cajon	92020	www.cajonvalley.net	32.795836	-116.954890	Active	N
Empower Language Academy	San Diego Unified	San Diego	92111	https://empowercharter.org/	32.772316	-117.178120	Active	N
Empresa Elementary	Vista Unified	Oceanside	92056	http://emp.vistausd.org	33.223041	-117.287710	Active	N
Encanto Elementary	San Diego Unified	San Diego	92114	https://www.encanto.sandiegounified.org/	32.714909	-117.058040	Active	N
Ericson Elementary	San Diego Unified	San Diego	92126	www.ericson.sandiegounified.org/	32.927749	-117.135650	Active	N
Escondido Adult	Escondido Union High	Escondido	92025	www.escondidoadultschool.org	33.131196	-117.088460	Active	C
Escondido Charter High	Escondido Union High	Escondido	92027	www.echs.org	33.136449	-117.054260	Active	C
Escondido High	Escondido Union High	Escondido	92026	www.ehscougars.com	33.144413	-117.090280	Active	C
Euclid Elementary	San Diego Unified	San Diego	92105	www.euclid.sandiegounified.org/	32.752319	-117.092260	Active	N
Fahari L. Jeffers Elementary	Chula Vista Elementary	Chula Vista	91913	No Data	32.598209	-116.998010	Active	C
Fallbrook High	Fallbrook Union High	Fallbrook	92028	www.fallbrookhs.org	33.349505	-117.241370	Active	C
Fallbrook STEM Academy	Fallbrook Union Elementary	Fallbrook	92028	http://fss.fuesd.org/	33.376687	-117.255310	Active	N
Fallbrook Virtual Academy	Fallbrook Union Elementary	Fallbrook	92028	https://fva.fuesd.org	33.378171	-117.235460	Active	N
Farb Middle	San Diego Unified	San Diego	92124	https://www.farb.sandiegounified.org/	32.819754	-117.099950	Active	N
Farr Avenue Elementary	Escondido Union	Escondido	92026	www.eusd.org	33.138769	-117.077600	Active	N
Fay Elementary	San Diego Unified	San Diego	92105	www.fay.sandiegounified.org/	32.750942	-117.083610	Active	N
Feaster (Mae L.) Charter	Chula Vista Elementary	Chula Vista	91910	https://feaster.cvesd.org/	32.642227	-117.096860	Active	N
Felicita Elementary	Escondido Union	Escondido	92025	www.eusd.org	33.106493	-117.082450	Active	N
Field Elementary	San Diego Unified	San Diego	92117	https://www.field.sandiegounified.org/	32.832971	-117.199270	Active	N
Finney (Myrtle S.) Elementary	Chula Vista Elementary	San Diego	92154	http://schools.cvesd.org/schools/finney/	32.584496	-117.048390	Active	N
Fletcher Elementary	San Diego Unified	San Diego	92123	www.fletcher.sandiegounified.org/	32.785778	-117.158500	Active	N
Fletcher Hills Elementary	La Mesa-Spring Valley	El Cajon	92020	www.lmsvschools.org	32.800478	-116.996180	Active	N
Flora Vista Elementary	Encinitas Union Elementary	Encinitas	92024	www.eusd.k12.ca.us/fv	33.055334	-117.252880	Active	N
Florence Elementary	San Diego Unified	San Diego	92103	www.florence.sandiegounified.org/	32.748814	-117.163910	Active	N
Flying Hills School of Arts	Cajon Valley Union	El Cajon	92020	No Data	32.811827	-116.982400	Active	N
Foothill Oak Elementary	Vista Unified	Vista	92084	http://fho.vistausd.org	33.218194	-117.221870	Active	N
Foothills Adult Education Center	Grossmont Union High	El Cajon	92019	http://adultschool.guhsd.net/	32.797130	-116.924360	Active	C
Foothills High	San Marcos Unified	San Marcos	92069	www.smusd.org	33.180651	-117.158680	Active	N
Foster Elementary	San Diego Unified	San Diego	92120	www.foster.sandiegounified.org/	32.791734	-117.084100	Active	N
Foussat Language Academy	Oceanside Unified	Oceanside	92058	https://foussat.oside.us	33.237973	-117.329140	Active	N
Franklin Elementary	San Diego Unified	San Diego	92116	www.franklin.sandiegounified.org/	32.758060	-117.104000	Active	N
Freese Elementary	San Diego Unified	San Diego	92114	https://www.freese.sandiegounified.org/	32.703611	-117.027410	Active	N
Fuerte Elementary	Cajon Valley Union	El Cajon	92020	No Data	32.762217	-116.946780	Active	N
Fulton K-8	San Diego Unified	San Diego	92114	www.fulton.sandiegounified.org/	32.702667	-117.047410	Active	N
Future Bound Independent Study Secondary	Ramona City Unified	Ramona	92065	https://mhs.ramonausd.net	33.039022	-116.863970	Active	N
Gage Elementary	San Diego Unified	San Diego	92119	https://www.gage.sandiegounified.org/	32.806947	-117.014740	Active	N
Garden Road Elementary	Poway Unified	Poway	92064	www.powayusd.com/pusdgres	32.956246	-117.014340	Active	N
Garfield Elementary	San Diego Unified	San Diego	92116	www.garfield.sandiegounified.org/	32.758300	-117.135120	Active	N
Garfield High	San Diego Unified	San Diego	92101	www.garfieldhigh.sandiegounified.org/	32.718735	-117.149530	Active	C
George Nicoloff Elementary	South Bay Union	San Ysidro	92173	No Data	32.564248	-117.066620	Active	N
Glen View Elementary	Escondido Union	Escondido	92027	www.eusd.org	33.146627	-117.053740	Active	N
Godfrey G. Berry Elementary	South Bay Union	San Diego	92154	No Data	32.568151	-117.089990	Active	N
Golden Hill TK-5 Dual Language Immersion Elementary	San Diego Unified	San Diego	92102	https://goldenhill.sandiegounified.org/	32.718760	-117.123180	Active	N
Gompers Preparatory Academy	San Diego Unified	San Diego	92102	www.gomperscharter.org	32.716111	-117.093570	Active	C
Granger Junior High	Sweetwater Union High	National City	91950	www.sweetwaterschools.org	32.672621	-117.073830	Active	N
Granite Hills High	Grossmont Union High	El Cajon	92019	http://granite.guhsd.net/	32.800159	-116.916810	Active	C
Grant K-8	San Diego Unified	San Diego	92103	https://www.grant.sandiegounified.org/	32.749893	-117.175620	Active	N
Grapevine Elementary	Vista Unified	Vista	92083	http://gv.vistausd.org	33.199834	-117.273740	Active	N
Greater San Diego Academy	Jamul-Dulzura Union Elementary	Jamul	91935	www.gsdacademy.com	32.728998	-116.856150	Active	N
Green Elementary	San Diego Unified	San Diego	92119	www.green.sandiegounified.org/	32.796445	-117.044950	Active	N
Greenfield Middle	Cajon Valley Union	El Cajon	92021	No Data	32.811048	-116.928340	Active	N
Grossmont Adult	Grossmont Union High	El Cajon	92019	http://adultschool.guhsd.net/	32.797130	-116.924360	Active	C
Grossmont High	Grossmont Union High	La Mesa	91944	www.foothillers.com	32.780670	-116.984980	Active	C
Grossmont Middle College High	Grossmont Union High	El Cajon	92020	http://middlecollege.guhsd.net	32.814927	-117.008890	Active	C
Guajome Learning Centers	Vista Unified	Vista	92083	www.guajome.net	33.230575	-117.250140	Active	C
Guajome Park Academy Charter	Vista Unified	Vista	92083	www.guajome.net	33.230120	-117.248770	Active	C
HOPE Infant-Toddler Special Education	San Diego County Office of Education	San Diego	92111	No Data	32.769578	-117.179840	Active	N
Hage Elementary	San Diego Unified	San Diego	92126	https://www.hage.sandiegounified.org/	32.920514	-117.120940	Active	N
Halecrest Elementary	Chula Vista Elementary	Chula Vista	91910	https://halecrest.cvesd.org/	32.634394	-117.043310	Active	N
Hamilton Elementary	San Diego Unified	San Diego	92105	https://www.hamilton.sandiegounified.org/	32.736135	-117.100960	Active	N
Hancock Elementary	San Diego Unified	San Diego	92124	www.hancock.sandiegounified.org/	32.805301	-117.108000	Active	N
Hannalei Elementary	Vista Unified	Vista	92083	http://han.vistausd.org	33.178337	-117.215750	Active	N
Hanson Elementary	Ramona City Unified	Ramona	92065	https://hes.ramonausd.net	33.018565	-116.890730	Active	N
Harbor Springs Charter	Julian Union Elementary	Temecula	92590	www.springscharterschools.org	33.511615	-117.157680	Active	N
Harborside Elementary	Chula Vista Elementary	Chula Vista	91911	https://harborside.cvesd.org/	32.609058	-117.085510	Active	N
Hardy Elementary	San Diego Unified	San Diego	92115	https://www.hardy.sandiegounified.org/	32.771216	-117.079740	Active	N
Harriet Tubman Village Charter	San Diego Unified	San Diego	92115	www.tubmancharter.org	32.769775	-117.049750	Active	N
Hawking S.T.E.A.M. Charter	Sweetwater Union High	Chula Vista	91910	www.hawkingschools.org	32.643349	-117.088960	Active	N
Hawthorne Elementary	San Diego Unified	San Diego	92117	www.hawthorne.sandiegounified.org/	32.838493	-117.188640	Active	N
Health Sciences High and Middle College	San Diego Unified	San Diego	92105	http://hshmc.org	32.749745	-117.110470	Active	C
Hearst Elementary	San Diego Unified	San Diego	92120	www.hearst.sandiegounified.org/	32.782889	-117.064320	Active	N
Hedenkamp (Anne and William) Elementary	Chula Vista Elementary	Chula Vista	91913	http://schools.cvesd.org/schools/hedenkamp/	32.616740	-117.015000	Active	N
Helix High	Grossmont Union High	La Mesa	91941	www.helixcharter.net	32.755905	-117.039810	Active	C
Henry High	San Diego Unified	San Diego	92120	http://patrickhenryhs.net/	32.796333	-117.051480	Active	C
Heritage Elementary	Chula Vista Elementary	Chula Vista	91913	https://heritage.cvesd.org/	32.626236	-116.995300	Active	N
Heritage K-8 Charter	Escondido Union	Escondido	92027	No Data	33.136223	-117.054480	Active	N
Hickman Elementary	San Diego Unified	San Diego	92126	www.hickman.sandiegounified.org/	32.914994	-117.152240	Active	N
Hidden Valley Middle	Escondido Union	Escondido	92027	www.eusd.org	33.133732	-117.033290	Active	N
High Tech Elementary	San Diego Unified	San Diego	92106	www.hightechhigh.org	32.731713	-117.217370	Active	N
High Tech Elementary Chula Vista	San Diego County Office of Education	Chula Vista	91915	www.hightechhigh.org	32.619241	-116.958580	Active	N
High Tech Elementary Explorer	San Diego Unified	San Diego	92106	www.hightechhigh.org	32.734604	-117.219750	Active	N
High Tech Elementary Mesa	San Diego County Office of Education	San Diego	92111	www.hightechhigh.org	32.815661	-117.180790	Active	N
High Tech Elementary North County	San Diego County Office of Education	San Marcos	92078	www.hightechhigh.org	33.131439	-117.203770	Active	N
High Tech High	San Diego Unified	San Diego	92106	www.hightechhigh.org	32.734040	-117.215140	Active	N
High Tech High Chula Vista	San Diego County Office of Education	Chula Vista	91915	www.hightechhigh.org	32.622230	-116.959620	Active	N
High Tech High International	San Diego Unified	San Diego	92106	www.hightechhigh.org	32.732613	-117.217390	Active	N
High Tech High Media Arts	San Diego Unified	San Diego	92106	www.hightechhigh.org	32.734734	-117.219700	Active	N
High Tech High Mesa	San Diego County Office of Education	San Diego	92111	www.hightechhigh.org	32.815661	-117.180790	Active	N
High Tech High North County	San Diego County Office of Education	San Marcos	92078	www.hightechhigh.org	33.131486	-117.201530	Active	N
High Tech Middle	San Diego Unified	San Diego	92106	www.hightechhigh.org	32.735240	-117.218050	Active	N
High Tech Middle Chula Vista	San Diego County Office of Education	Chula Vista	91915	www.hightechhigh.org	32.619241	-116.958580	Active	N
High Tech Middle Media Arts	San Diego Unified	San Diego	92106	www.hightechhigh.org	32.734604	-117.219750	Active	N
High Tech Middle Mesa	San Diego County Office of Education	San Diego	92111	www.hightechhigh.org	32.815661	-117.180790	Active	N
High Tech Middle North County	San Diego County Office of Education	San Marcos	92078	www.hightechhigh.org	33.131433	-117.202320	Active	N
Highland Ranch Elementary	Poway Unified	San Diego	92128	www.powayusd.com/pusdhres	32.984064	-117.071080	Active	N
Highlands Elementary	La Mesa-Spring Valley	Spring Valley	91977	www.lmsvschools.org	32.737305	-116.981550	Active	N
Hill Creek Elementary	Santee	Santee	92071	www.santeesd.net	32.852951	-116.963260	Active	N
Hillsdale Middle	Cajon Valley Union	El Cajon	92019	No Data	32.749440	-116.932400	Active	N
Hillside Junior/Senior High	Mountain Empire Unified	Pine Valley	91962	No Data	32.820268	-116.526370	Active	N
Hilltop Drive Elementary	Chula Vista Elementary	Chula Vista	91910	https://hilltopdrive.cvesd.org/	32.632209	-117.064140	Active	N
Hilltop Middle	Sweetwater Union High	Chula Vista	91910	https://htm.sweetwaterschools.org/	32.630395	-117.064080	Active	N
Hilltop Senior High	Sweetwater Union High	Chula Vista	91910	www.sweetwaterschools.org	32.636851	-117.059900	Active	N
Holly Drive Leadership Academy	San Diego Unified	San Diego	92102	www.hdla.org/	32.724151	-117.092570	Active	N
Holmes Elementary	San Diego Unified	San Diego	92111	www.holmes.sandiegounified.org/	32.810047	-117.189160	Active	N
Home & Hosp/Transition Support	San Diego Unified	San Diego	92103	http://homehospital.sandiegounified.org/	32.715329	-117.157250	Active	N
Hoover High	San Diego Unified	San Diego	92115	www.hoovercardinals.org	32.755352	-117.097610	Active	C
Hope Elementary	Carlsbad Unified	Carlsbad	92010	https://hes.carlsbadusd.net	33.170986	-117.305470	Active	N
Horton Elementary	San Diego Unified	San Diego	92102	www.horton.sandiegounified.org/	32.712278	-117.086210	Active	N
Howard Gardner Community Charter	San Diego County Office of Education	Chula Vista	91910	www.hgcschool.org	32.641093	-117.095430	Active	N
Howard Pence Elementary	South Bay Union	San Diego	92154	No Data	32.579102	-117.061910	Active	N
IDEA Center	Grossmont Union High	El Cajon	92020	https://idea.guhsd.net	32.816861	-116.979650	Active	C
Ibarra Elementary	San Diego Unified	San Diego	92115	www.ibarra.sandiegounified.org/	32.753027	-117.089530	Active	N
Iftin Charter	San Diego County Office of Education	San Diego	92115	www.iftincharter.net	32.757908	-117.078140	Active	N
Imperial Beach Charter	South Bay Union	Imperial Beach	91932	www.sbusd.org	32.576599	-117.119670	Active	N
Innovation Middle	San Diego Unified	San Diego	92117	www.innovation.sandiegounified.org/	32.838063	-117.175140	Active	N
Innovations Academy	San Diego Unified	San Diego	92123	https://innovationsacademy.org/	32.834194	-117.127300	Active	N
Integrity Charter	National Elementary	National City	91950	No Data	32.676262	-117.107040	Active	N
Ira Harbison	National Elementary	National City	91950	No Data	32.685779	-117.073170	Active	N
Ivey Ranch Elementary	Oceanside Unified	Oceanside	92057	https://ivey.oside.us	33.219404	-117.301030	Active	N
Ivy High (Continuation)	Fallbrook Union High	Fallbrook	92028	www.ivyhigh.org	33.347369	-117.238080	Active	C
JCS - Cedar Cove	Julian Union Elementary	Encinitas	92024	https://cedarcove.jcs-inc.org/	33.045950	-117.264490	Active	N
JCS - Manzanita	San Diego County Office of Education	La Mesa	91942	www.jcs-inc.org	32.775721	-117.013980	Active	N
JCS - Mountain Oaks	Julian Union Elementary	Encinitas	92024	http://mountainoaks.jcs-inc.org	33.045335	-117.279870	Active	N
JCS - Pine Valley	Mountain Empire Unified	Pine Valley	91962	https://pinevalley.jcs-inc.org	32.821998	-116.528710	Active	N
Jamacha Elementary	Cajon Valley Union	El Cajon	92019	No Data	32.740143	-116.912230	Active	N
James Dukes Elementary	Ramona City Unified	Ramona	92065	https://jdes.ramonausd.net	33.007843	-116.791240	Active	N
James E. Potter Intermediate	Fallbrook Union Elementary	Fallbrook	92028	http://pjh.fuesd.org/	33.369188	-117.221640	Active	N
Jamul Elementary	Jamul-Dulzura Union Elementary	Jamul	91935	www.jdusd.net/primary.cfm	32.730137	-116.854560	Active	N
Jefferson Elementary	San Diego Unified	San Diego	92104	www.jefferson.sandiegounified.org/	32.747220	-117.132840	Active	N
Jefferson Elementary	Carlsbad Unified	Carlsbad	92008	https://jes.carlsbadusd.net	33.153787	-117.339580	Active	N
Jefferson Middle	Oceanside Unified	Oceanside	92058	https://jefferson.oside.us	33.208382	-117.363890	Active	N
Jerabek Elementary	San Diego Unified	San Diego	92131	www.jerabek.sandiegounified.org	32.908201	-117.083520	Active	N
Joan MacQueen Middle	Alpine Union Elementary	Alpine	91901	www.alpineschools.net/joanmac	32.819861	-116.778020	Active	N
John A. Otis Elementary	National Elementary	National City	91950	No Data	32.669036	-117.097200	Active	N
John Muir Language Academy	San Diego Unified	San Diego	92117	www.johnmuir.sandiegounified.org/	32.823298	-117.194190	Active	C
Johnson Elementary	Cajon Valley Union	El Cajon	92020	No Data	32.800800	-116.956200	Active	N
Johnson Elementary	San Diego Unified	San Diego	92114	www.johnson.sandiegounified.org	32.719126	-117.075140	Active	N
Joli Ann Leichtag Elementary	San Marcos Unified	Vista	92081	www.smusd.org	33.155513	-117.210790	Active	N
Jonas Salk Elementary	San Diego Unified	San Diego	92126	https://jonassalk.sandiegounified.org/	32.906344	-117.155120	Active	N
Jones Elementary	San Diego Unified	San Diego	92123	www.jones.sandiegounified.org/	32.796255	-117.142420	Active	N
Joyner Elementary	San Diego Unified	San Diego	92105	www.joyner.sandiegounified.org/	32.742094	-117.102700	Active	N
Juarez Elementary	San Diego Unified	San Diego	92123	www.juarez.sandiegounified.org/	32.792242	-117.125890	Active	N
Juarez-Lincoln Elementary	Chula Vista Elementary	San Diego	92154	https://juarezlincoln.cvesd.org/	32.580720	-117.045430	Active	N
Julian Elementary	Julian Union Elementary	Julian	92036	No Data	33.078843	-116.593860	Active	N
Julian High	Julian Union High	Julian	92036	www.juhsd.org	33.076465	-116.594510	Active	N
Julian Junior High	Julian Union Elementary	Julian	92036	No Data	33.078843	-116.593860	Active	N
Juniper Elementary	Escondido Union	Escondido	92025	www.eusd.org	33.105286	-117.067310	Active	N
KIPP Adelante Preparatory Academy	San Diego Unified	San Diego	92114	www.kippsocal.org/adelante	32.709238	-117.085100	Active	N
Kavod Charter	San Diego Unified	San Diego	92111	http://kavodcharter.org	32.819772	-117.167940	Active	N
Kearny College Connections	San Diego Unified	San Diego	92111	https://kearnyscc.sandiegounified.org/	32.798708	-117.160440	Active	C
Kearny Digital Media & Design	San Diego Unified	San Diego	92111	www.kearnydmd.sandiegounified.org/	32.798708	-117.160440	Active	C
Kearny Eng Innov & Design	San Diego Unified	San Diego	92111	www.kearnyeid.sandiegounified.org/	32.798708	-117.160440	Active	C
Kearny School of Biomedical Science and Technology	San Diego Unified	San Diego	92111	www.kearnyeid.sandiegounified.org/	32.798708	-117.160440	Active	C
Keiller Leadership Academy	San Diego Unified	San Diego	92114	www.mykla.org/	32.712076	-117.042410	Active	N
Kellogg (Karl H.) Elementary	Chula Vista Elementary	Chula Vista	91911	http://schools.cvesd.org/schools/kellogg/	32.619721	-117.048050	Active	N
Kelly Elementary	Carlsbad Unified	Carlsbad	92008	https://kes.carlsbadusd.net/	33.148360	-117.311220	Active	N
Kempton Street Literacy Academy	La Mesa-Spring Valley	Spring Valley	91977	www.lmsvschools.org	32.710497	-117.001750	Active	N
Kidinnu Academy	Cajon Valley Union	El Cajon	92021	www.kidinnu.com	32.809266	-116.934780	Active	N
Kimball	National Elementary	National City	91950	No Data	32.666367	-117.106370	Active	N
Kimbrough Elementary	San Diego Unified	San Diego	92102	www.kimbrough.sandiegounified.org/	32.708732	-117.132880	Active	N
Knob Hill Elementary	San Marcos Unified	San Marcos	92069	www.smusd.org	33.139633	-117.119710	Active	N
Knox Middle	San Diego Unified	San Diego	92113	www.knox.sandiegounified.org/	32.695466	-117.089460	Active	N
Kumeyaay Elementary	San Diego Unified	San Diego	92124	www.kumeyaay.sandiegounified.org/	32.836632	-117.091160	Active	N
L. R. Green Elementary	Escondido Union	Escondido	92025	www.eusd.org	33.086003	-117.059730	Active	N
La Costa Canyon High	San Dieguito Union High	Carlsbad	92009	https://lc.sduhsd.net/	33.073480	-117.229950	Active	N
La Costa Heights Elementary	Encinitas Union Elementary	Carlsbad	92009	www.eusd.k12.ca.us/lc	33.080785	-117.244840	Active	N
La Costa Meadows Elementary	San Marcos Unified	Carlsbad	92009	www.smusd.org	33.104542	-117.239950	Active	N
La Jolla Elementary	San Diego Unified	La Jolla	92037	www.lajolla.sandiegounified.org/	32.839247	-117.271670	Active	N
La Jolla High	San Diego Unified	La Jolla	92037	www.lajollahigh.sandiegounified.org/	32.833607	-117.274030	Active	C
La Mesa Arts Academy	La Mesa-Spring Valley	La Mesa	91942	www.lmsvschools.org	32.755190	-117.030250	Active	N
La Mesa Dale Elementary	La Mesa-Spring Valley	La Mesa	91941	www.lmsvschools.org	32.756625	-117.034170	Active	N
La Mirada Academy	San Marcos Unified	San Marcos	92078	www.smusd.org	33.143808	-117.203810	Active	N
La Mirada Elementary	San Ysidro Elementary	San Ysidro	92173	www.sysdschools.org	32.564207	-117.046060	Active	N
La Paloma Elementary	Fallbrook Union Elementary	Fallbrook	92028	http://lap.fuesd.org/	33.378156	-117.235390	Active	N
La Presa Elementary	La Mesa-Spring Valley	Spring Valley	91977	www.lmsvschools.org	32.706482	-116.993270	Active	N
Lafayette Elementary	San Diego Unified	San Diego	92117	www.lafayette.sandiegounified.org/	32.827552	-117.169140	Active	N
Lake Elementary	Vista Unified	Oceanside	92056	http://lk.vistausd.org	33.173230	-117.257910	Active	N
Lakeside Early Advantage Preschool	Lakeside Union	Lakeside	92040	www.lsusd.net	32.859273	-116.914720	Active	N
Lakeside Farms Elementary	Lakeside Union	Lakeside	92040	www.lsusd.net	32.867036	-116.935980	Active	N
Lakeside Middle	Lakeside Union	Lakeside	92040	www.lsusd.net	32.855130	-116.938040	Active	N
Lakeview Elementary	Lakeside Union	Lakeside	92040	www.lsusd.net	32.843603	-116.904280	Active	N
Language Academy	San Diego Unified	San Diego	92115	www.languageacademy.sandiegounified.org/	32.768355	-117.062270	Active	N
Las Palmas	National Elementary	National City	91950	No Data	32.672498	-117.084370	Active	N
Lauderbach (J. Calvin) Elementary	Chula Vista Elementary	Chula Vista	91911	https://lauderbach.cvesd.org/	32.620279	-117.075660	Active	N
Laurel Elementary	Oceanside Unified	Oceanside	92058	https://laurel.oside.us	33.207375	-117.373450	Active	N
Learning Choice Academy	San Diego Unified	San Diego	92117	www.learningchoice.org/	32.834216	-117.190710	Active	C
Learning Choice Academy - Chula Vista	Chula Vista Elementary	Chula Vista	91914	www.learningchoice.org	32.652419	-116.965510	Active	C
Lemon Avenue Elementary	La Mesa-Spring Valley	La Mesa	91941	No Data	32.768184	-117.008370	Active	N
Lemon Crest Elementary	Lakeside Union	Lakeside	92040	www.lsusd.net	32.852280	-116.921720	Active	N
Lemon Grove Academy Elementary	Lemon Grove	Lemon Grove	91945	https://lgae.lemongrovesd.net/	32.741758	-117.028690	Active	N
Lemon Grove Academy for the Sciences and Humanities	Lemon Grove	Lemon Grove	91945	https://lgam.lemongrovesd.net/	32.738507	-117.028860	Active	N
Lemon Grove Early Childhood Education Center	Lemon Grove	Lemon Grove	91945	www.lemongrovesd.net	32.733675	-117.019430	Active	N
Leonardo da Vinci Health Sciences Charter	Chula Vista Elementary	Chula Vista	91911	www.davincicharter.org	32.619689	-117.047980	Active	N
Lewis Middle	San Diego Unified	San Diego	92120	www.lewis.sandiegounified.org/	32.795877	-117.079770	Active	N
Lexington Elementary	Cajon Valley Union	El Cajon	92019	No Data	32.791145	-116.942340	Active	N
Libby Elementary	Oceanside Unified	Oceanside	92057	https://libby.oside.us	33.251715	-117.304670	Active	N
Liberty Elementary	Chula Vista Elementary	Chula Vista	91914	https://liberty.cvesd.org/	32.663976	-116.977610	Active	N
Lilac	Valley Center-Pauma Unified	Valley Center	92082	http://lilac.vcpusd.org	33.256624	-117.069170	Active	N
Lincoln Acres	National Elementary	National City	91950	No Data	32.671255	-117.075690	Active	N
Lincoln Elementary	Escondido Union	Escondido	92026	www.eusd.org	33.134291	-117.087140	Active	N
Lincoln High	San Diego Unified	San Diego	92113	www.lincoln.sandiegounified.org/	32.704034	-117.091960	Active	C
Lincoln Middle	Oceanside Unified	Oceanside	92054	https://lincoln.oside.us	33.187731	-117.352550	Active	N
Linda Vista Elementary	San Diego Unified	San Diego	92111	www.lindavista.sandiegounified.org/	32.793449	-117.173140	Active	N
Lindo Park Elementary	Lakeside Union	Lakeside	92040	www.lsusd.net	32.859031	-116.914430	Active	N
Literacy First Charter	San Diego County Office of Education	El Cajon	92020	www.lfcsinc.org	32.787667	-116.952010	Active	N
Live Oak Elementary	Fallbrook Union Elementary	Fallbrook	92028	http://loe.fuesd.org/	33.369178	-117.217400	Active	N
Logan Memorial Educational Campus	San Diego Unified	San Diego	92113	http://lmec.sandiegounified.org/	32.700754	-117.132590	Active	N
Loma Elementary	La Mesa-Spring Valley	Spring Valley	91978	www.lmsvschools.org	32.736664	-116.968840	Active	N
Loma Portal Elementary	San Diego Unified	San Diego	92106	www.lomaportal.sandiegounified.org/	32.740347	-117.221100	Active	N
Loma Verde Elementary	Chula Vista Elementary	Chula Vista	91911	https://lomaverde.cvesd.org/	32.601123	-117.048890	Active	N
Longfellow UTK-8	San Diego Unified	San Diego	92110	www.sandiegounified.org/schools/longfellow	32.783766	-117.188510	Active	N
Los Altos Elementary	Chula Vista Elementary	San Diego	92154	https://losaltos.cvesd.org/	32.572654	-117.048890	Active	N
Los Coches Creek Middle	Cajon Valley Union	El Cajon	92021	No Data	32.858622	-116.819380	Active	N
Los Penasquitos Elementary	Poway Unified	San Diego	92129	www.powayusd.com/pusdlpes	32.970519	-117.096220	Active	N
MAAC Community Charter	Sweetwater Union High	Chula Vista	91911	www.maacproject.org	32.604299	-117.065430	Active	N
MERIT Academy	Grossmont Union High	El Cajon	92020	https://merit.guhsd.net	32.816861	-116.979650	Active	C
Madison Avenue Elementary	Cajon Valley Union	El Cajon	92019	No Data	32.800143	-116.922000	Active	N
Madison High	San Diego Unified	San Diego	92117	www.madison.sandiegounified.org/	32.831046	-117.175680	Active	C
Madison Middle	Vista Unified	Oceanside	92056	http://mms.vistausd.org	33.173316	-117.258710	Active	N
Magnolia Elementary	Cajon Valley Union	El Cajon	92021	No Data	32.813388	-116.954040	Active	N
Magnolia Elementary	Carlsbad Unified	Carlsbad	92008	https://mes.carlsbadusd.net	33.160076	-117.326700	Active	N
Magnolia Science Academy San Diego	San Diego Unified	San Diego	92120	www.msasd.magnoliapublicschools.org/	32.791691	-117.087830	Active	N
Maie Ellis Elementary	Fallbrook Union Elementary	Fallbrook	92028	http://mee.fuesd.org/	33.380281	-117.253970	Active	N
Major General Raymond Murray High	Vista Unified	Vista	92083	http://mgm.vistausd.org	33.198351	-117.255820	Active	N
Mann Middle	San Diego Unified	San Diego	92115	www.mann.sandiegounified.org/	32.756620	-117.079300	Active	N
Mar Vista Academy	Sweetwater Union High	San Diego	92154	https://mva.sweetwaterschools.org/	32.573445	-117.095810	Active	N
Mar Vista Senior High	Sweetwater Union High	Imperial Beach	91932	https://mvh.sweetwaterschools.org/	32.580208	-117.122240	Active	N
Marshall (Thurgood) Elementary	Chula Vista Elementary	Chula Vista	91914	https://marshall.cvesd.org/	32.659064	-116.968200	Active	N
Marshall Elementary	San Diego Unified	San Diego	92105	www.marshall.sandiegounified.org/	32.742345	-117.086380	Active	N
Marshall Middle	San Diego Unified	San Diego	92131	https://marshallmiddle.sandiegounified.org/	32.896523	-117.100110	Active	N
Marston Middle	San Diego Unified	San Diego	92117	www.marston.sandiegounified.org/	32.808054	-117.201110	Active	N
Martin Luther King Jr. Middle	Oceanside Unified	Oceanside	92057	https://king.oside.us	33.215828	-117.310670	Active	N
Marvin Elementary	San Diego Unified	San Diego	92120	https://marvin.sandi.net/	32.796157	-117.069130	Active	N
Mary Fay Pendleton Elementary	Fallbrook Union Elementary	Oceanside	92058	http://mfp.fuesd.org/	33.323361	-117.310570	Active	N
Maryland Avenue Elementary	La Mesa-Spring Valley	La Mesa	91941	www.lmsvschools.org	32.777787	-117.038200	Active	N
Maryland Elementary	Vista Unified	Vista	92084	http://me.vistausd.org	33.215538	-117.257930	Active	N
Mason Elementary	San Diego Unified	San Diego	92126	www.mason.sandiegounified.org/	32.906112	-117.139480	Active	N
McGill School of Success	San Diego Unified	San Diego	92102	www.mcgillschoolofsuccess.org/	32.725479	-117.129700	Active	N
McKinley Elementary	San Diego Unified	San Diego	92104	www.mckinley.sandiegounified.org/	32.736627	-117.122080	Active	N
McMillin (Corky) Elementary	Chula Vista Elementary	Chula Vista	91913	https://mcmillin.cvesd.org/	32.631793	-116.985290	Active	N
Meadowbrook Middle	Poway Unified	Poway	92064	www.powayusd.com/pusdmbms	32.963401	-117.064050	Active	C
Meridian Elementary	Cajon Valley Union	El Cajon	92019	No Data	32.788386	-116.926850	Active	N
Mesa Verde Middle	Poway Unified	San Diego	92129	www.powayusd.com/pusdmvms	32.962739	-117.146710	Active	C
Method Summit Academy	Dehesa Elementary	El Cajon	92019	No Data	32.781588	-116.850910	Active	C
Midland Elementary	Poway Unified	Poway	92064	www.powayusd.com/pusdmies	32.966051	-117.036190	Active	N
Mike Choate Early Childhood Education Center	Fallbrook Union Elementary	Fallbrook	92028	www.fuesd.org/apps/pages/index.jsp?urec_id812644&typed&prec_id1199003	33.377188	-117.254070	Active	N
Millennial Tech Middle	San Diego Unified	San Diego	92102	https://mtmsteam.org/	32.716935	-117.088610	Active	N
Miller Elementary	Escondido Union	Escondido	92025	www.eusd.org	33.096460	-117.078960	Active	N
Miller Elementary	San Diego Unified	San Diego	92124	www.miller.sandiegounified.org/	32.818568	-117.107560	Active	N
Mira Mesa High	San Diego Unified	San Diego	92126	www.miramesa.sandiegounified.org/	32.910904	-117.140370	Active	N
Miramar Ranch Elementary	San Diego Unified	San Diego	92131	www.miramarranch.sandiegounified.org/	32.910297	-117.099020	Active	N
Mission Bay High	San Diego Unified	San Diego	92109	www.missionbay.sandiegounified.org/	32.801298	-117.224410	Active	C
Mission Elementary	Oceanside Unified	Oceanside	92058	https://mission.oside.us	33.205741	-117.362930	Active	N
Mission Estancia Elementary	Encinitas Union Elementary	Carlsbad	92009	www.eusd.k12.ca.us/me	33.072276	-117.235330	Active	N
Mission Hills High	San Marcos Unified	San Marcos	92069	www.smusd.org	33.147163	-117.146940	Active	N
Mission Meadows Elementary	Vista Unified	Oceanside	92056	http://mm.vistausd.org	33.246059	-117.258060	Active	N
Mission Middle	Escondido Union	Escondido	92026	www.eusd.org	33.133940	-117.073240	Active	N
Mission Vista High	Vista Unified	Oceanside	92057	http://mvhs.vistausd.org	33.255990	-117.263810	Active	N
Monarch	San Diego County Office of Education	San Diego	92113	www.monarchschools.org	32.702375	-117.150450	Active	C
Monte Vista Elementary	Vista Unified	Vista	92084	http://mv.vistausd.org	33.190319	-117.212120	Active	N
Monte Vista High	Grossmont Union High	Spring Valley	91977	http://monarchs.guhsd.net/	32.738087	-116.972210	Active	C
Montecito High (Continuation)	Ramona City Unified	Ramona	92065	https://mhs.ramonausd.net	33.039022	-116.863970	Active	N
Monterey Heights Elementary	Lemon Grove	Lemon Grove	91945	https://mhe.lemongrovesd.net/	32.722188	-117.033150	Active	N
Monterey Ridge Elementary	Poway Unified	San Diego	92127	www.powayusd.com/pusdmres	33.026400	-117.109400	Active	N
Montgomery (John J.) Elementary	Chula Vista Elementary	Chula Vista	91911	https://montgomery.cvesd.org/	32.597875	-117.069000	Active	N
Montgomery Adult	Sweetwater Union High	San Diego	92154	No Data	32.585313	-117.062050	Active	N
Montgomery Middle	Cajon Valley Union	El Cajon	92019	No Data	32.796530	-116.925420	Active	N
Montgomery Middle	San Diego Unified	San Diego	92111	www.montgomery.sandiegounified.org/	32.788093	-117.171620	Active	N
Montgomery Middle	Sweetwater Union High	San Diego	92154	https://mom.sweetwaterschools.org/	32.576045	-117.056120	Active	N
Montgomery Senior High	Sweetwater Union High	San Diego	92154	No Data	32.583873	-117.064220	Active	N
Morning Creek Elementary	Poway Unified	San Diego	92128	www.powayusd.com/pusdmces	32.953272	-117.095540	Active	N
Morse High	San Diego Unified	San Diego	92114	www.morse.sandiegounified.org/	32.702602	-117.048760	Active	C
Mount Miguel Early College High	Grossmont Union High	Spring Valley	91977	https://mountmiguel.guhsd.net	32.724917	-117.016890	Active	C
Mountain Empire High	Mountain Empire Unified	Pine Valley	91962	No Data	32.734424	-116.493700	Active	N
Mountain Empire Junior High	Mountain Empire Unified	Pine Valley	91962	www.meusd.org	32.734352	-116.492940	Active	N
Mountain Empire Special Education Preschool	Mountain Empire Unified	Pine Valley	91962	No Data	32.757260	-116.492710	Active	N
Mountain Valley Academy	Ramona City Unified	Ramona	92065	https://mva.ramonausd.net	33.026764	-116.878450	Active	N
Mountain View	San Diego Unified	San Diego	92113	https://mountainview.sandiegounified.org/	32.697450	-117.117460	Active	N
Mountain View Learning Academy	Alpine Union Elementary	Alpine	91901	www.alpineschools.net/mountainview	32.832208	-116.815070	Active	N
Mt. Carmel High	Poway Unified	San Diego	92129	www.powayusd.com/pusdmchs	32.965926	-117.120910	Active	C
Mt. Vernon Elementary	Lemon Grove	Lemon Grove	91945	https://mve.lemongrovesd.net/	32.732311	-117.020930	Active	N
Mt. Woodson Elementary	Ramona City Unified	Ramona	92065	https://mwes.ramonausd.net	33.031043	-116.956610	Active	N
Mueller Charter (Robert L.)	Chula Vista Elementary	Chula Vista	91910	https://muellercharter.org/	32.626229	-117.092840	Active	N
Muirlands Middle	San Diego Unified	La Jolla	92037	www.muirlands.sandiegounified.org/	32.832130	-117.269700	Active	N
Muraoka (Saburo) Elementary	Chula Vista Elementary	Chula Vista	91915	https://muraoka.cvesd.org/	32.615167	-116.991630	Active	N
Murdock Elementary	La Mesa-Spring Valley	La Mesa	91941	www.lmsvschools.org	32.758828	-116.984740	Active	N
Murray Manor Elementary	La Mesa-Spring Valley	La Mesa	91942	www.lmsvschools.org	32.788351	-117.019870	Active	N
Museum	San Diego Unified	San Diego	92103	www.museumschool.org/	32.732423	-117.165140	Active	N
Naranca Elementary	Cajon Valley Union	El Cajon	92021	No Data	32.803995	-116.946380	Active	N
National City Adult	Sweetwater Union High	National City	91950	No Data	32.663588	-117.096000	Active	N
National City Middle	Sweetwater Union High	National City	91950	www.sweetwaterschools.org	32.669245	-117.099730	Active	N
National School District Preschool	National Elementary	National City	91950	www.nsd.us	32.673505	-117.090390	Active	N
Nestor Language Academy Charter	South Bay Union	San Diego	92154	www.sbusd.org/nestor/site/default.asp	32.570376	-117.084100	Active	N
Nichols Leadership Academy	Oceanside Unified	Oceanside	92057	https://nichols.oside.us	33.238070	-117.315590	Active	N
Nipaquay Elementary	San Diego Unified	San Diego	92108	https://nipaquay.sandiegounified.org/	32.777166	-117.149230	Active	N
No Data	San Diego County Office of Education	San Diego	92111	www.sdcoe.net	32.771468	-117.179300	Active	No Data
No Data	Alpine Union Elementary	Alpine	91901	www.alpineschools.net	32.824651	-116.775330	Active	No Data
No Data	Borrego Springs Unified	Borrego Springs	92004	www.bsusd.net	33.265514	-116.383730	Active	No Data
No Data	Cajon Valley Union	El Cajon	92020	www.cajonvalley.net	32.795716	-116.953090	Active	No Data
No Data	Cardiff Elementary	Cardiff-by-the-Sea	92007	www.cardiffschools.com	33.025044	-117.282200	Active	No Data
No Data	Chula Vista Elementary	Chula Vista	91910	www.cvesd.org	32.631751	-117.059140	Active	No Data
No Data	Coronado Unified	Coronado	92118	www.coronadousd.net	32.696488	-117.187190	Active	No Data
No Data	Dehesa Elementary	El Cajon	92019	www.dehesasd.net/	32.781239	-116.851200	Active	No Data
No Data	Del Mar Union Elementary	San Diego	92130	www.dmusd.org	32.923323	-117.231850	Active	No Data
No Data	Encinitas Union Elementary	Encinitas	92024	www.eusd.net	33.036919	-117.238280	Active	No Data
No Data	Escondido Union	Escondido	92029	www.eusd.org	33.118080	-117.114710	Active	No Data
No Data	Escondido Union High	Escondido	92027	www.euhsd.org	33.136179	-117.050940	Active	No Data
No Data	Fallbrook Union Elementary	Fallbrook	92028	www.fuesd.org	33.384027	-117.247100	Active	No Data
No Data	Fallbrook Union High	Fallbrook	92028	www.fuhsd.net	33.351718	-117.237070	Active	No Data
No Data	Grossmont Union High	El Cajon	92020	www.guhsd.net/	32.780461	-116.986190	Active	No Data
No Data	Jamul-Dulzura Union Elementary	Jamul	91935	www.jdusd.net	32.730137	-116.854560	Active	No Data
No Data	Julian Union Elementary	Julian	92036	https://juesd.net/	33.078843	-116.593860	Active	No Data
No Data	Julian Union High	Julian	92036	www.juhsd.org	33.076465	-116.594510	Active	No Data
No Data	Lakeside Union	Lakeside	92040	www.lsusd.net	32.856779	-116.925810	Active	No Data
No Data	La Mesa-Spring Valley	La Mesa	91942	www.lmsvschools.org	32.765013	-117.022070	Active	No Data
No Data	Lemon Grove	Lemon Grove	91945	https://www.lemongrovesd.net	32.738226	-117.025970	Active	No Data
No Data	Mountain Empire Unified	Pine Valley	91962	http://meusd.org	32.733087	-116.492410	Active	No Data
No Data	National Elementary	National City	91950	www.nsd.us	32.673757	-117.090290	Active	No Data
No Data	Poway Unified	San Diego	92128	www.powayusd.com	32.992958	-117.081260	Active	No Data
No Data	Ramona City Unified	Ramona	92065	www.ramonausd.net	33.039022	-116.863970	Active	No Data
No Data	Rancho Santa Fe Elementary	Rancho Santa Fe	92067	http://rsfschool.net	33.021758	-117.206940	Active	No Data
No Data	San Diego Unified	San Diego	92103	www.sandiegounified.org	32.754010	-117.148160	Active	No Data
No Data	San Dieguito Union High	Encinitas	92024	www.sduhsd.net	33.048709	-117.276310	Active	No Data
No Data	San Pasqual Union Elementary	Escondido	92027	www.sanpasqualunion.net	33.111418	-117.011270	Active	No Data
No Data	Santee	Santee	92071	www.santeesd.net	32.852891	-116.983240	Active	No Data
No Data	San Ysidro Elementary	San Ysidro	92173	www.sysdschools.org	32.562857	-117.038560	Active	No Data
No Data	Solana Beach Elementary	Solana Beach	92075	www.sbsd.k12.ca.us	32.989379	-117.268480	Active	No Data
No Data	South Bay Union	Imperial Beach	91932	www.sbusd.org	32.580200	-117.120220	Active	No Data
No Data	Spencer Valley Elementary	Santa Ysabel	92070	www.sdcoe.k12.ca.us/districts/spencer	33.097900	-116.646800	Active	No Data
No Data	Sweetwater Union High	Chula Vista	91911	www.sweetwaterschools.org/	32.610389	-117.076940	Active	No Data
No Data	Vallecitos Elementary	Rainbow	92028	www.vallecitossd.net	33.413917	-117.149540	Active	No Data
No Data	Vista Unified	Vista	92084	www.vistausd.org	33.224860	-117.222380	Active	No Data
No Data	Carlsbad Unified	Carlsbad	92009	www.carlsbadusd.net	33.122838	-117.266740	Active	No Data
No Data	Oceanside Unified	Oceanside	92058	www.oside.us	33.205744	-117.362610	Active	No Data
No Data	San Marcos Unified	San Marcos	92069	www.smusd.org	33.142336	-117.165740	Active	No Data
No Data	San Diego County ROP	San Diego	92111	www.sdcoe.net	32.771468	-117.179300	Active	No Data
No Data	Warner Unified	Warner Springs	92086	www.warnerusd.net	33.292294	-116.684890	Active	No Data
No Data	Valley Center-Pauma Unified	Valley Center	92082	www.vcpusd.org	33.236463	-117.022510	Active	No Data
No Data	Bonsall Unified	Bonsall	92003	www.bonsallusd.com	33.284562	-117.219750	Active	No Data
Normal Heights Elementary	San Diego Unified	San Diego	92116	www.normalheights.sandiegounified.org	32.761139	-117.113760	Active	N
Norman L. Sullivan Middle	Bonsall Unified	Bonsall	92003	www.bonsallusd.com	33.296116	-117.175070	Active	N
North Broadway Elementary	Escondido Union	Escondido	92026	www.eusd.org	33.161048	-117.092930	Active	N
North County Trade Tech High	Vista Unified	Vista	92083	www.tradetechhigh.org	33.212842	-117.255110	Active	N
North Terrace Elementary	Oceanside Unified	Oceanside	92058	https://northterrace.oside.us	33.219150	-117.380040	Active	N
Northmont Elementary	La Mesa-Spring Valley	La Mesa	91942	www.lmsvschools.org	32.790877	-116.993980	Active	N
Nye Elementary	San Diego Unified	San Diego	92114	www.nye.sandiegounified.org/	32.696055	-117.070130	Active	N
Oak Crest Middle	San Dieguito Union High	Encinitas	92024	No Data	33.042141	-117.268330	Active	N
Oak Glen High	Valley Center-Pauma Unified	Valley Center	92082	http://oghs.vcpusd.org	33.282007	-117.024010	Active	N
Oak Grove Middle	Jamul-Dulzura Union Elementary	Jamul	91935	www.jdusd.net/middle.cfm	32.722358	-116.861590	Active	N
Oak Hill Elementary	Escondido Union	Escondido	92027	www.eusd.org	33.129530	-117.051250	Active	N
Oak Park Elementary	San Diego Unified	San Diego	92105	www.oakpark.sandiegounified.org/	32.732601	-117.079700	Active	N
Oak Valley Middle	Poway Unified	San Diego	92127	www.powayusd.com/pusdovms	32.999254	-117.109800	Active	C
Oasis High (Alternative)	Fallbrook Union High	Fallbrook	92028	www.oasishigh.org	33.351956	-117.236110	Active	C
Ocean Air	Del Mar Union Elementary	San Diego	92130	www.dmusd.org/oceanair	32.928100	-117.214700	Active	N
Ocean Beach Elementary	San Diego Unified	San Diego	92107	www.oceanbeach.sandiegounified.org/	32.745144	-117.246150	Active	N
Ocean Knoll Elementary	Encinitas Union Elementary	Encinitas	92024	www.eusd.k12.ca.us/ok	33.039889	-117.272500	Active	N
Ocean View Hills	San Ysidro Elementary	San Diego	92154	www.sysdschools.org	32.572128	-117.025770	Active	N
Oceanside High	Oceanside Unified	Oceanside	92054	https://ohs.oside.us	33.197067	-117.374140	Active	C
Oceanside Unified School District Adult Transition Program	Oceanside Unified	Oceanside	92058	https://atp.oside.us	33.208707	-117.362290	Active	N
Old Town Academy K-8 Charter	San Diego Unified	San Diego	92110	www.oldtownacademy.org/	32.746573	-117.189250	Active	N
Olive Peirce Middle	Ramona City Unified	Ramona	92065	https://opms.ramonausd.net	33.025724	-116.871610	Active	N
Olivenhain Pioneer Elementary	Encinitas Union Elementary	Carlsbad	92009	www.eusd.k12.ca.us/op	33.064891	-117.232270	Active	N
Olivewood	National Elementary	National City	91950	No Data	32.662903	-117.094980	Active	N
Olympian High	Sweetwater Union High	Chula Vista	91913	www.sweetwaterschools.org	32.607105	-116.972090	Active	N
Olympic View Elementary	Chula Vista Elementary	Chula Vista	91915	https://olympicview.cvesd.org/	32.635720	-116.963420	Active	N
Oneonta Elementary	South Bay Union	Imperial Beach	91932	No Data	32.572720	-117.112150	Active	N
Options Middle College High	Sweetwater Union High	Chula Vista	91910	https://oss.sweetwaterschools.org/	32.639859	-116.998180	Active	C
Orange Glen Elementary	Escondido Union	Escondido	92027	www.eusd.org	33.145429	-117.036050	Active	N
Orange Glen High	Escondido Union High	Escondido	92027	www.orangeglenhigh.org/	33.129474	-117.038000	Active	C
Otay Elementary	Chula Vista Elementary	Chula Vista	91911	https://otay.cvesd.org/	32.595806	-117.058040	Active	N
Otay Ranch Senior High	Sweetwater Union High	Chula Vista	91913	www.sweetwaterschools.org	32.619073	-116.996350	Active	N
PRIDE Academy at Prospect Avenue	Santee	Santee	92071	www.santeesd.net	32.833793	-116.996000	Active	N
Pablo Tac School of the Arts	Oceanside Unified	Oceanside	92054	https://pablotac.oside.us	33.219659	-117.336200	Active	N
Pacific Beach Elementary	San Diego Unified	San Diego	92109	www.pacificbeach.sandiegounified.org/	32.808661	-117.250410	Active	N
Pacific Beach Middle	San Diego Unified	San Diego	92109	www.pbmiddle.sandiegounified.org/	32.802126	-117.241670	Active	N
Pacific Rim Elementary	Carlsbad Unified	Carlsbad	92009	https://pres.carlsbadusd.net	33.111431	-117.305030	Active	N
Pacific Sky	Del Mar Union Elementary	San Diego	92130	No Data	32.963705	-117.173700	Active	N
Pacific Springs Charter	San Diego County Office of Education	Chula Vista	91914	www.springscharterschools.org	32.652402	-116.963990	Active	N
Pacific Trails Middle	San Dieguito Union High	San Diego	92130	www.sduhsd.net/our-schools/pacific-trails-middle-school/index.html	32.958864	-117.186240	Active	N
Pacific View Charter	Oceanside Unified	Oceanside	92056	www.pacificview.org	33.210649	-117.311510	Active	N
Pacific View Leadership Elementary	San Diego Unified	San Diego	92139	www.pacificview.sandiegounified.org/	32.670197	-117.057100	Active	N
Painted Rock Elementary	Poway Unified	Poway	92064	www.powayusd.com/pusdpres	33.017454	-117.039710	Active	N
Palmer Way	National Elementary	National City	91950	No Data	32.679585	-117.074770	Active	N
Palmquist Elementary	Oceanside Unified	Oceanside	92054	https://palmquist.oside.us	33.189628	-117.349380	Active	N
Paloma Elementary	San Marcos Unified	San Marcos	92069	www.smusd.org	33.159796	-117.184820	Active	N
Palomar Elementary	Chula Vista Elementary	Chula Vista	91911	https://palomar.cvesd.org/	32.613776	-117.042820	Active	N
Palomar High	Sweetwater Union High	Chula Vista	91911	www.sweetwaterschools.org	32.604757	-117.073850	Active	N
Paradise Hills Elementary	San Diego Unified	San Diego	92139	www.paradisehills.sandiegounified.org/	32.679597	-117.066220	Active	N
Park Dale Lane Elementary	Encinitas Union Elementary	Encinitas	92024	www.eusd.k12.ca.us/pd	33.046392	-117.243110	Active	N
Park Village Elementary	Poway Unified	San Diego	92129	www.powayusd.com/pusdpves	32.940459	-117.150690	Active	N
Parkview Elementary	Chula Vista Elementary	Chula Vista	91911	https://parkview.cvesd.org/	32.612989	-117.031150	Active	N
Parkway Sports and Health Science Academy	La Mesa-Spring Valley	La Mesa	91942	www.lmsvschools.org	32.791277	-117.002930	Active	N
Paul Ecke-Central Elementary	Encinitas Union Elementary	Encinitas	92024	www.eusd.k12.ca.us/pe	33.058062	-117.297030	Active	N
Pauma Elementary	Valley Center-Pauma Unified	Pauma Valley	92061	http://pauma.vcpusd.org	33.315897	-116.998730	Active	N
Pendleton Elementary	San Diego Unified	San Diego	92115	https://clay.sandiegounified.org/	32.763509	-117.057960	Active	N
Penn Elementary	San Diego Unified	San Diego	92139	www.penn.sandiegounified.org/	32.673067	-117.047100	Active	N
Pepper Drive Elementary	Santee	El Cajon	92020	www.santeesd.net	32.826876	-116.954010	Active	N
Perkins K-8	San Diego Unified	San Diego	92113	www.perkins.sandiegounified.org/	32.700764	-117.149130	Active	N
Perry Elementary	San Diego Unified	San Diego	92139	www.perry.sandiegounified.org/	32.684978	-117.058640	Active	N
Pershing Middle	San Diego Unified	San Diego	92119	http://pershing.sandiegounified.org/	32.800979	-117.020390	Active	N
Pioneer Elementary	Escondido Union	Escondido	92027	www.eusd.org	33.138286	-117.072230	Active	N
Poinsettia Elementary	Carlsbad Unified	Carlsbad	92009	https://pes.carlsbadusd.net	33.118600	-117.256200	Active	N
Point Loma High	San Diego Unified	San Diego	92106	www.pointlomahigh.com/	32.740362	-117.226620	Active	C
Pomerado Elementary	Poway Unified	Poway	92064	www.powayusd.com/pusdpoes	32.958705	-117.064570	Active	N
Porter Elementary	San Diego Unified	San Diego	92113	http://new.sandi.net/schools/porter	32.698710	-117.091060	Active	N
Potrero Elementary	Mountain Empire Unified	Potrero	91963	No Data	32.610058	-116.613300	Active	N
Poway Adult	Poway Unified	Poway	92064	www.powayusd.com/pusdctae/	32.978786	-117.035860	Active	C
Poway High	Poway Unified	Poway	92064	www.powayusd.com/pusdphs	32.996858	-117.023660	Active	C
Poway to Palomar Middle College High	Poway Unified	San Diego	92127	http://powayusd.com	33.023174	-117.089420	Active	C
Preuss School UCSD	San Diego Unified	La Jolla	92037	http://preuss.ucsd.edu/	32.882311	-117.221680	Active	N
Quantum Academy	Escondido Union	Escondido	92027	www.eusd.org	33.143614	-117.035010	Active	C
R. Roger Rowe Elementary	Rancho Santa Fe Elementary	Rancho Santa Fe	92067	https://rsfschool.net/	33.021758	-117.206940	Active	C
R. Roger Rowe Middle	Rancho Santa Fe Elementary	Rancho Santa Fe	92067	https://rsfschool.net/	33.021758	-117.206940	Active	C
Ralph Waldo Emerson Elementary	San Diego Unified	San Diego	92113	https://emerson.sandiegounified.org/	32.695014	-117.118740	Active	N
Ramona Adult	Ramona City Unified	Ramona	92065	No Data	33.039329	-116.863870	Active	N
Ramona Community Montessori	Ramona City Unified	Ramona	92065	https://rcms.ramonausd.net	33.026764	-116.878450	Active	N
Ramona Elementary	Ramona City Unified	Ramona	92065	https://res.ramonausd.net	33.042610	-116.864520	Active	N
Ramona High	Ramona City Unified	Ramona	92065	www.ramonausd.net/rhs	33.025724	-116.868670	Active	N
Rancho Bernardo High	Poway Unified	San Diego	92128	www.powayusd.com/pusdrbhs	32.994329	-117.068050	Active	C
Rancho Buena Vista High	Vista Unified	Vista	92081	http://rbv.vistausd.org	33.164594	-117.247150	Active	N
Rancho Elementary	La Mesa-Spring Valley	Spring Valley	91977	www.lmsvschools.org	32.705080	-117.015940	Active	N
Rancho San Diego Elementary	Cajon Valley Union	El Cajon	92019	No Data	32.754628	-116.932870	Active	N
Rancho de la Nacion	National Elementary	National City	91950	No Data	32.687964	-117.090590	Active	N
Rancho del Rey Middle	Sweetwater Union High	Chula Vista	91910	www.sweetwaterschools.org	32.630868	-117.007640	Active	N
Reidy Creek Elementary	Escondido Union	Escondido	92026	www.eusd.org	33.172590	-117.089280	Active	N
Rice (Lilian J.) Elementary	Chula Vista Elementary	Chula Vista	91911	https://rice.cvesd.org/	32.619137	-117.075690	Active	N
Richland Elementary	San Marcos Unified	San Marcos	92069	www.smusd.org	33.157244	-117.141820	Active	N
Riley/Marcy/New Dawn	San Diego Unified	San Diego	92111	http://riley.sandiegounified.org/	32.809086	-117.179360	Active	N
Rincon Middle	Escondido Union	Escondido	92026	www.eusd.org	33.157721	-117.082550	Active	N
Rio Seco Elementary	Santee	Santee	92071	www.santeesd.net	32.851376	-116.983240	Active	N
Rios Elementary	Cajon Valley Union	El Cajon	92021	No Data	32.840076	-116.875770	Active	N
River Valley Charter	Lakeside Union	Lakeside	92040	www.rivervalleyhigh.org	32.853156	-116.940650	Active	N
Riverview Elementary	Lakeside Union	Lakeside	92040	www.lsusd.net	32.846449	-116.931090	Active	N
Rock Springs Elementary	Escondido Union	Escondido	92026	www.eusd.org	33.137010	-117.105900	Active	N
Rodriguez Elementary	San Diego Unified	San Diego	92113	www.rodriguez.sandiegounified.org/	32.697615	-117.127250	Active	N
Rogers (Greg) Elementary	Chula Vista Elementary	Chula Vista	91911	http://schools.cvesd.org/schools/rogers/	32.611251	-117.077810	Active	N
Rohr (Fred H.) Elementary	Chula Vista Elementary	Chula Vista	91911	https://rohr.cvesd.org/	32.602452	-117.040550	Active	N
Rolando Elementary	La Mesa-Spring Valley	La Mesa	91941	www.lmsvschools.org	32.763199	-117.048760	Active	N
Rolando Park Elementary	San Diego Unified	San Diego	92115	www.rolandopark.sandiegounified.org/	32.747808	-117.054440	Active	N
Rolling Hills Elementary	Poway Unified	San Diego	92129	www.powayusd.com/pusdrhes	32.989542	-117.092730	Active	N
Roosevelt International Middle	San Diego Unified	San Diego	92103	www.roosevelt.sandiegounified.org/	32.740202	-117.147460	Active	N
Roosevelt Middle	Vista Unified	Oceanside	92057	http://rmw.vistausd.org	33.235127	-117.280670	Active	N
Rosa Parks Elementary	San Diego Unified	San Diego	92105	www.rosaparks.sandiegounified.org/	32.745833	-117.097480	Active	N
Rose Elementary	Escondido Union	Escondido	92027	www.eusd.org	33.143321	-117.065900	Active	N
Rosebank Elementary	Chula Vista Elementary	Chula Vista	91911	https://rosebank.cvesd.org/	32.649741	-117.073360	Active	N
Ross Elementary	San Diego Unified	San Diego	92111	www.ross.sandiegounified.org/	32.811323	-117.161240	Active	N
Rowan Elementary	San Diego Unified	San Diego	92105	www.rowan.sandiegounified.org/	32.723626	-117.113030	Active	N
SIATech	Vista Unified	Oceanside	92056	www.siatech.org	33.216092	-117.269890	Active	C
Sage Canyon	Del Mar Union Elementary	San Diego	92130	www.dmusd.org/sage	32.925277	-117.204110	Active	N
Sage Creek High	Carlsbad Unified	Carlsbad	92010	https://schs.carlsbadusd.net	33.142565	-117.249450	Active	N
Salt Creek Elementary	Chula Vista Elementary	Chula Vista	91914	https://saltcreek.cvesd.org/	32.649018	-116.949250	Active	N
San Altos Elementary	Lemon Grove	Lemon Grove	91945	https://sae.lemongrovesd.net/	32.724107	-117.045340	Active	N
San Diego Academy of Excellence	San Diego Unified	San Diego	92113	https://www.sandiegoneighborhoodofschools.org/	32.697962	-117.135800	Active	N
San Diego Community Academy	San Diego Unified	San Diego	92102	https://www.sandiegoneighborhoodofschools.org/	32.709848	-117.127420	Active	N
San Diego Community High	San Diego Unified	San Diego	92102	https://www.sandiegoneighborhoodofschools.org/	32.710883	-117.130560	Active	C
San Diego Cooperative Charter	San Diego Unified	San Diego	92111	http://lv.sdccs.org/	32.791139	-117.166380	Active	N
San Diego County Community	San Diego County Office of Education	San Diego	92111	www.sdcoe.net	32.768573	-117.180020	Active	C
San Diego County Court	San Diego County Office of Education	San Diego	92123	www.sdcoe.net/jccs	32.794147	-117.153960	Active	C
San Diego County ROP	San Diego County ROP	San Diego	92111	www.sdcoe.net	32.769578	-117.179840	Active	No Data
San Diego County Special Education	San Diego County Office of Education	Imperial Beach	91932	https://www.sdcoe.net/schools/friendship	32.587047	-117.127140	Active	N
San Diego Global Vision Academy	San Diego Unified	San Diego	92116	www.sdgva.org/	32.762372	-117.119100	Active	N
San Diego High	San Diego Unified	San Diego	92101	http://sdhs.sandiegounified.org/	32.719461	-117.153660	Active	C
San Diego Metro Career and Tech	San Diego Unified	San Diego	92111	https://sdmet.sandiegounified.org/	32.804756	-117.169050	Active	C
San Diego SCPA	San Diego Unified	San Diego	92139	https://scpa.sandiegounified.org/	32.679265	-117.049530	Active	C
San Diego Workforce Innovation High	Borrego Springs Unified	National City	91950	www.innovationsandiego.org	32.689527	-117.085100	Active	N
San Dieguito HS Academy	San Dieguito Union High	Encinitas	92024	No Data	33.036329	-117.275010	Active	N
San Elijo Elementary	San Marcos Unified	San Marcos	92078	www.smusd.org	33.100000	-117.195300	Active	N
San Elijo Middle	San Marcos Unified	San Marcos	92078	www.smusd.org	33.098820	-117.197360	Active	N
San Jose Valley Continuation High	Warner Unified	Warner Springs	92086	No Data	33.292294	-116.684890	Active	N
San Marcos Adult	San Marcos Unified	San Marcos	92069	www.smusd.org	33.178187	-117.156590	Active	N
San Marcos Elementary	San Marcos Unified	San Marcos	92069	www.smusd.org	33.141280	-117.168290	Active	N
San Marcos High	San Marcos Unified	San Marcos	92078	www.smusd.org	33.131215	-117.205430	Active	N
San Marcos Middle	San Marcos Unified	San Marcos	92069	www.smusd.org	33.145673	-117.174900	Active	N
San Miguel Elementary	Lemon Grove	Lemon Grove	91945	https://sme.lemongrovesd.net/	32.735134	-117.045970	Active	N
San Onofre Elementary	Fallbrook Union Elementary	San Clemente	92672	http://sos.fuesd.org/	33.390408	-117.578750	Active	N
San Pasqual Academy	San Diego County Office of Education	Escondido	92025	www.sanpasqualacademy.org	33.090580	-116.950090	Active	C
San Pasqual High	Escondido Union High	Escondido	92025	www.sphseagles.com	33.077688	-117.057240	Active	C
San Pasqual Union Elementary	San Pasqual Union Elementary	Escondido	92027	www.sanpasqualunion.net	33.111418	-117.011270	Active	N
San Ysidro Adult Education Center	Sweetwater Union High	San Ysidro	92173	No Data	32.558871	-117.041330	Active	N
San Ysidro High	Sweetwater Union High	San Diego	92154	www.sweetwaterschools.org	32.566438	-117.017480	Active	N
San Ysidro Middle	San Ysidro Elementary	San Ysidro	92173	www.sysdschools.org	32.562958	-117.038320	Active	N
Sandburg Elementary	San Diego Unified	San Diego	92126	https://sandburg.sandiegounified.org/	32.925833	-117.149790	Active	N
Santa Margarita Academy	Fallbrook Union Elementary	Fallbrook	92028	www.fuesd.org/smla	33.380281	-117.253970	Active	N
Santa Margarita Elementary	Oceanside Unified	Oceanside	92058	https://santamargarita.oside.us	33.230925	-117.379070	Active	N
Santana High	Grossmont Union High	Santee	92071	http://sultans.guhsd.net/	32.857284	-116.970970	Active	C
Santee Alternative	Santee	Santee	92071	www.santeesd.net	32.862499	-116.974210	Active	N
Santee Success Program	Santee	Santee	92071	www.santeesd.net	32.865952	-116.971110	Active	N
Scholarship Prep - Oceanside	San Diego County Office of Education	Oceanside	92057	https://scholarshipschools.org/	33.232373	-117.317000	Active	N
School for Entrepreneurship and Technology	San Diego Unified	San Diego	92123	http://sethigh.org	32.807105	-117.148500	Active	C
Science, Technology, Engineering, Arts, and Math Academy	La Mesa-Spring Valley	Spring Valley	91977	www.lmsvschools.org	32.712351	-117.005220	Active	N
Scripps Elementary	San Diego Unified	San Diego	92131	www.scripps.sandiegounified.org/	32.930673	-117.081740	Active	N
Scripps Ranch High	San Diego Unified	San Diego	92131	http://srhs.falcons.org	32.908719	-117.111990	Active	C
Senda Middle	Oceanside Unified	Oceanside	92057	https://senda.oside.us	33.241726	-117.300660	Active	N
Sequoia Elementary	San Diego Unified	San Diego	92117	https://sequoia.sandiegounified.org/	32.828397	-117.178640	Active	N
Sessions Elementary	San Diego Unified	San Diego	92109	https://sessions.sandiegounified.org/	32.808700	-117.232010	Active	N
Sevick Special Education	Cajon Valley Union	El Cajon	92019	No Data	32.800143	-116.922210	Active	N
Shadow Hills Elementary	Alpine Union Elementary	Alpine	91901	www.alpineschools.net/shadowhills	32.831900	-116.815220	Active	N
Sherman Elementary	San Diego Unified	San Diego	92102	https://sherman.sandiegounified.org/	32.708405	-117.143900	Active	N
Shoal Creek Elementary	Poway Unified	San Diego	92128	www.powayusd.com/pusdsces	32.967503	-117.080540	Active	N
Silver Gate Elementary	San Diego Unified	San Diego	92107	https://silvergate.sandiegounified.org/	32.733235	-117.244150	Active	N
Silver Strand Elementary	Coronado Unified	Coronado	92118	https://strand.coronadousd.net/	32.644414	-117.144580	Active	N
Silver Wing Elementary	Chula Vista Elementary	San Diego	92154	https://silverwing.cvesd.org/	32.578749	-117.052580	Active	N
Skyline Elementary	Solana Beach Elementary	Solana Beach	92075	No Data	32.996163	-117.262980	Active	N
Smythe Elementary	San Ysidro Elementary	San Ysidro	92173	www.sysdschools.org	32.562092	-117.049410	Active	N
Solana Highlands Elementary	Solana Beach Elementary	San Diego	92130	No Data	32.954318	-117.240180	Active	C
Solana Pacific Elementary	Solana Beach Elementary	San Diego	92130	No Data	32.952072	-117.231320	Active	N
Solana Ranch Elementary	Solana Beach Elementary	San Diego	92130	www.sbsd.k12.ca.us	32.964436	-117.192270	Active	N
Solana Santa Fe Elementary	Solana Beach Elementary	Rancho Santa Fe	92067	No Data	32.997084	-117.192460	Active	N
Solana Vista Elementary	Solana Beach Elementary	Solana Beach	92075	No Data	33.004150	-117.250850	Active	N
Sonia Sotomayor Elementary	Chula Vista Elementary	Chula Vista	91913	https://sotomayor.cvesd.org/	32.609777	-116.993490	Active	N
South County SELPA Academy	San Diego County Office of Education	Bonita	91902	No Data	32.655868	-117.034200	Active	N
South Oceanside Elementary	Oceanside Unified	Oceanside	92054	https://southo.oside.us	33.177487	-117.358070	Active	N
Southwest Middle	Sweetwater Union High	San Diego	92154	www.sweetwaterschools.org	32.569138	-117.073810	Active	N
Southwest Senior High	Sweetwater Union High	San Diego	92154	www.sweetwaterschools.org	32.568057	-117.084090	Active	N
Sparrow Academy	La Mesa-Spring Valley	La Mesa	91942	www.sparrowschool.org	32.773002	-117.006950	Active	N
Special Education Preschool	Chula Vista Elementary	Chula Vista	91910	www.cvesd.org	32.631632	-117.058160	Active	N
Spencer Valley Elementary	Spencer Valley Elementary	Santa Ysabel	92070	http://svesd.net	33.096560	-116.645550	Active	N
Spreckels Elementary	San Diego Unified	San Diego	92122	https://spreckels.sandiegounified.org/	32.849998	-117.213340	Active	N
Spring Valley Academy	La Mesa-Spring Valley	Spring Valley	91977	www.lmsvschools.org	32.750413	-116.987750	Active	N
Standley Middle	San Diego Unified	San Diego	92122	https://standley.sandiegounified.org/	32.852231	-117.205680	Active	N
Steele Canyon Adult Center	Grossmont Union High	Spring Valley	91978	http://adultschool.guhsd.net/	32.730297	-116.925170	Active	C
Steele Canyon High	Grossmont Union High	Spring Valley	91978	www.schscougars.org/	32.730297	-116.925170	Active	C
Stone Ranch Elementary	Poway Unified	San Diego	92127	www.powayusd.com/pusdsres	33.005421	-117.115720	Active	N
Stuart Mesa Elementary	Oceanside Unified	Oceanside	92058	https://stuartmesa.oside.us	33.254199	-117.409950	Active	N
Sundance Elementary	Poway Unified	San Diego	92129	www.powayusd.com/pusdsdes	32.960094	-117.133310	Active	N
Sunnyside Elementary	Chula Vista Elementary	Bonita	91902	https://sunnyside.cvesd.org/	32.674619	-117.015450	Active	N
Sunnyslope Elementary	South Bay Union	San Diego	92154	No Data	32.580140	-117.079740	Active	N
Sunrise High (Continuation)	Mountain Empire Unified	Pine Valley	91962	No Data	32.820268	-116.526370	Active	N
Sunset Elementary	San Ysidro Elementary	San Ysidro	92173	www.sysdschools.org	32.558200	-117.049980	Active	N
Sunset High (Continuation)	San Dieguito Union High	Encinitas	92024	No Data	33.043504	-117.277470	Active	N
Sunset Hills Elementary	Poway Unified	San Diego	92129	www.powayusd.com/pusdshes	32.969140	-117.127090	Active	N
Sunset View Elementary	San Diego Unified	San Diego	92107	www.sunsetviewelementary.com	32.724692	-117.250490	Active	N
Surfside High (Continuation)	Oceanside Unified	Oceanside	92054	https://surfside.oside.us	33.185410	-117.368110	Active	C
Sweetwater Community Day	Sweetwater Union High	Chula Vista	91911	No Data	32.605905	-117.061150	Active	N
Sweetwater High	Sweetwater Union High	National City	91950	https://suh.sweetwaterschools.org/	32.659933	-117.091700	Active	N
Sweetwater Springs Elementary	La Mesa-Spring Valley	Spring Valley	91977	www.lmsvschools.org	32.731776	-116.976600	Active	N
Sycamore Canyon Elementary	Santee	Santee	92071	www.santeesd.net	32.862781	-117.003880	Active	N
Sycamore Ridge	Del Mar Union Elementary	San Diego	92130	www.dmusd.org/sycamore	32.954011	-117.199980	Active	N
T.H.E Leadership Academy	Vista Unified	Oceanside	92056	http://th.vistausd.org	33.218505	-117.270870	Active	N
TRACE	San Diego Unified	San Diego	92105	https://trace.sandiegounified.org/	32.750380	-117.108000	Active	N
Taft Middle	San Diego Unified	San Diego	92123	https://taft.sandiegounified.org/	32.802346	-117.131130	Active	N
Teofilo Mendoza	South Bay Union	San Diego	92154	No Data	32.576464	-117.089540	Active	N
The Heights Charter	Dehesa Elementary	Alpine	91901	No Data	32.835104	-116.755290	Active	N
The Learning Choice Academy - East County	Grossmont Union High	La Mesa	91941	www.learningchoice.org	32.755668	-117.013540	Active	N
The O'Farrell Charter	San Diego Unified	San Diego	92114	http://ofarrellschool.org	32.701375	-117.064850	Active	C
Tierra Bonita Elementary	Poway Unified	Poway	92064	www.powayusd.com/pusdtbes	32.981410	-117.027710	Active	N
Tierra del Sol Middle	Lakeside Union	Lakeside	92040	www.lsusd.net	32.854481	-116.911640	Active	N
Tierrasanta Elementary	San Diego Unified	San Diego	92124	https://tierrasanta.sandiegounified.org/	32.829402	-117.096780	Active	N
Tiffany (Burton C.) Elementary	Chula Vista Elementary	Chula Vista	91913	https://tiffany.cvesd.org/	32.644830	-116.991020	Active	N
Toler Elementary	San Diego Unified	San Diego	92117	https://toler.sandiegounified.org/	32.800640	-117.209290	Active	N
Torrey Hills	Del Mar Union Elementary	San Diego	92130	www.dmusd.org/torrey	32.913451	-117.223200	Active	N
Torrey Pines Elementary	San Diego Unified	La Jolla	92037	https://torreypines.sandiegounified.org/	32.858621	-117.243780	Active	N
Torrey Pines High	San Dieguito Union High	San Diego	92130	www.sduhsd.net/tp	32.956384	-117.224970	Active	N
Turtleback Elementary	Poway Unified	San Diego	92127	www.powayusd.com/pusdtes	33.004949	-117.088140	Active	N
Twain High	San Diego Unified	San Diego	92111	https://twain.sandiegounified.org/	32.771471	-117.179330	Active	C
Twin Oaks Elementary	San Marcos Unified	San Marcos	92069	www.smusd.org	33.178528	-117.155440	Active	N
Twin Oaks High	San Marcos Unified	San Marcos	92069	www.smusd.org	33.179778	-117.159100	Active	N
Twin Peaks Middle	Poway Unified	Poway	92064	www.powayusd.com/pusdtpms	32.980105	-117.027690	Active	C
University City High	San Diego Unified	San Diego	92122	www.universitycityhigh.org	32.861197	-117.209540	Active	C
Urban Discovery Academy Charter	San Diego Unified	San Diego	92101	www.urbansd.com	32.714193	-117.152240	Active	N
VIP Village Preschool	South Bay Union	Imperial Beach	91932	www.sbusd.org	32.574671	-117.112110	Active	N
Valencia Park Elementary	San Diego Unified	San Diego	92114	www.valenciapark.sandiegounified.org/	32.701466	-117.071780	Active	N
Valhalla High	Grossmont Union High	El Cajon	92019	http://valhalla.guhsd.net/	32.762192	-116.920370	Active	C
Valle Lindo Elementary	Chula Vista Elementary	Chula Vista	91911	https://vallelindo.cvesd.org/	32.604937	-117.032750	Active	N
Vallecitos Elementary	Vallecitos Elementary	Rainbow	92028	No Data	33.413921	-117.148710	Active	N
Valley Center Elementary	Valley Center-Pauma Unified	Valley Center	92082	http://vceus.vcpusd.org	33.234769	-117.023970	Active	N
Valley Center High	Valley Center-Pauma Unified	Valley Center	92082	http://vchs.vcpusd.org	33.279829	-117.023790	Active	N
Valley Center Middle	Valley Center-Pauma Unified	Valley Center	92082	http://vcms.vcpusd.org	33.224381	-116.975670	Active	N
Valley Center Prep	Valley Center-Pauma Unified	Valley Center	92082	http://vcprep.vcpusd.org	33.236018	-117.021440	Active	N
Valley Center Primary	Valley Center-Pauma Unified	Valley Center	92082	http://vcps.vcpusd.org	33.239526	-117.021570	Active	N
Valley Elementary	Poway Unified	Poway	92064	www.powayusd.com/pusdves	32.953597	-117.045260	Active	N
Valley High (Continuation)	Escondido Union High	Escondido	92027	www.vhsgrizzlies.com	33.142244	-117.023260	Active	C
Valley Middle	Carlsbad Unified	Carlsbad	92008	https://vms.carlsbadusd.net/	33.158874	-117.329310	Active	N
Valley Vista Elementary	Chula Vista Elementary	Bonita	91902	https://valleyvista.cvesd.org/	32.659676	-117.049070	Active	N
Veterans Elementary	Chula Vista Elementary	Chula Vista	91913	https://veterans.cvesd.org/	32.623835	-116.976340	Active	N
Village Preschool	Coronado Unified	Coronado	92118	www.coronadousd.net	32.693374	-117.181480	Active	N
Vista Academy of Visual and Performing Arts	Vista Unified	Vista	92083	http://vapa.vistausd.org	33.207469	-117.245080	Active	N
Vista Adult	Vista Unified	Vista	92081	http://vistaadultschool.org	33.187198	-117.240380	Active	N
Vista Adult Transition Center	Vista Unified	Vista	92084	http://vatc.vistausd.org	33.221287	-117.241110	Active	N
Vista Del Mar	San Ysidro Elementary	San Diego	92154	www.sysdschools.org	32.570714	-117.028020	Active	N
Vista Grande Elementary	Cajon Valley Union	El Cajon	92019	No Data	32.765080	-116.915010	Active	N
Vista Grande Elementary	San Diego Unified	San Diego	92124	www.vistagrande.sandiegounified.org/	32.834267	-117.107090	Active	N
Vista High	Vista Unified	Vista	92084	http://vhs.vistausd.org	33.225798	-117.241000	Active	N
Vista Innovation and Design Academy	Vista Unified	Vista	92084	www.vida.vistausd.org	33.203133	-117.205610	Active	N
Vista La Mesa Academy	Lemon Grove	La Mesa	91941	https://vlma.lemongrovesd.net/	32.748456	-117.044970	Active	N
Vista Magnet Middle School of Technology, Science, and Math	Vista Unified	Vista	92084	http://vmms.vistausd.org	33.203140	-117.236670	Active	N
Vista Springs Charter	San Diego County Office of Education	Vista	92084	www.springscharterschools.org	33.220678	-117.234430	Active	N
Vista Square Elementary	Chula Vista Elementary	Chula Vista	91910	https://vistasquare.cvesd.org/	32.635041	-117.088320	Active	N
Vista Visions Academy	Vista Unified	Vista	92084	http://vva.vistausd.org	33.222677	-117.219240	Active	C
Vivian Banks Charter	Bonsall Unified	Pala	92059	www.bonsallusd.com	33.365115	-117.071710	Active	N
W. D. Hall Elementary	Cajon Valley Union	El Cajon	92021	No Data	32.820878	-116.931160	Active	N
Walker Elementary	San Diego Unified	San Diego	92126	www.walker.sandiegounified.org/	32.912841	-117.126690	Active	N
Wangenheim Middle	San Diego Unified	San Diego	92126	www.wangenheim.sandiegounified.org/	32.905408	-117.126460	Active	N
Warner Elementary	Warner Unified	Warner Springs	92086	www.warnerusd.net	33.346655	-116.730270	Active	N
Warner Junior/Senior High	Warner Unified	Warner Springs	92086	www.warnerusd.net	33.292294	-116.684890	Active	N
Washington Elementary	San Diego Unified	San Diego	92101	www.washington.sandiegounified.org/	32.724215	-117.166700	Active	N
Webster Elementary	San Diego Unified	San Diego	92102	www.webster.sandiegounified.org/	32.724157	-117.092390	Active	N
Wegeforth Elementary	San Diego Unified	San Diego	92123	www.wegeforth.sandiegounified.org/	32.805607	-117.136500	Active	N
West Hills High	Grossmont Union High	Santee	92071	http://wolfpack.guhsd.net/	32.849846	-117.012970	Active	C
Westview High	Poway Unified	San Diego	92129	www.powayusd.com/pusdwvhs	32.965082	-117.148080	Active	C
Westwood Elementary	Poway Unified	San Diego	92127	www.powayusd.com/pusdwwes	33.031190	-117.086950	Active	N
Whitman Elementary	San Diego Unified	San Diego	92117	www.whitman.sandiegounified.org/	32.836074	-117.203210	Active	N
Whittier K-12	San Diego Unified	San Diego	92117	https://whittier.sandiegounified.org/	32.803799	-117.199290	Active	C
William H. Frazier Elementary	Fallbrook Union Elementary	Fallbrook	92028	No Data	33.387442	-117.224130	Active	N
Willow Elementary	San Ysidro Elementary	San Ysidro	92173	www.sysdschools.org	32.547737	-117.042350	Active	N
Willow Grove Elementary	Poway Unified	San Diego	92127	www.powayusd.com/pusdwges	32.993542	-117.161040	Active	N
Wilson Middle	San Diego Unified	San Diego	92105	www.wilson.sandiegounified.org/	32.753259	-117.111950	Active	N
Winter Gardens Elementary	Lakeside Union	Lakeside	92040	www.lsusd.net	32.831458	-116.931220	Active	N
Wolf Canyon Elementary	Chula Vista Elementary	Chula Vista	91913	https://wolfcanyon.cvesd.org/	32.611931	-116.973240	Active	N
Woodland Park Middle	San Marcos Unified	San Marcos	92069	www.smusd.org	33.147436	-117.129580	Active	N
Zamorano Elementary	San Diego Unified	San Diego	92139	https://zamorano.sandiegounified.org/	32.680338	-117.038640	Active	N
e3 Civic High	San Diego Unified	San Diego	92101	https://www.e3civichigh.com/	32.709215	-117.154650	Active	C
